UNITS=MM
#Layer_Physical_Order=1
#Layer_Color=6711008
#
#Feature symbol names
#
$0 rect1100.00034x1699.99914
$1 rect1779.99898x3500.00062
$2 rect950.00064x1000.00054
$3 rect3300.00102x2400.00028
$4 rect1000.00054x1799.99894
$5 rect5549.99906x2350.00038xr293.751
$6 oval2000.00108x449.9991
$7 rect1000.00054x950.00064
$8 rect1200.00014x399.9992xr49.9999
$9 rect1250.00004x1449.99964
$10 rect1599.99934x449.9991xr49.49952
$11 rect900.00074x850.00084
$12 shape19abfc3a
$13 rect2174.06474x552.1325xr276.06498
$14 rect399.9992x2000.00108xr199.9996
$15 rect1449.99964x1250.00004
$16 shapeb8ef8c17
$17 rect850.00084x900.00074
$18 rect599.9988x1200.00014
$19 shape4fac6fcc
$20 rect650.00124x1649.99924
$21 rect499.999x950.00064
$22 rect2400.00028x2799.99948
$23 rect599.9988x1000.00054xr51.00066
$24 rect1100.00034x599.9988xr149.9997
$25 shape5e0ee9a6
$26 s499.999
$27 shape02d8f816
$28 rect2500.00008x1699.99914
$29 rect800.00094x1200.00014
$30 rect1399.99974x2200.00068
$31 shape9bb934d9
$32 shape03b029c5
$33 rect299.9994x1299.9974
$34 rect399.9992x2000.00108
$35 oval599.9988x1449.99964
$36 rect1649.99924x2999.99908
$37 rect2174.06474x552.1325
$38 r2032
$39 r203.2
$40 r381
$41 r508
$42 r349.9993
$43 r558.8
$44 r1524
$45 r1270
$46 r1016
$47 r247.40108
$48 r132.10032
$49 r762
$50 r247.396
$51 rect1448.73726x936.09922
$52 rect1448.73726x6500.00224
$53 r1649.99924
$54 oval1699.99914x1700.00168
$55 r1569.9994
$56 s1569.9994
$57 oval1100.00034x2200.00068
$58 oval1100.00034x1899.99874
$59 r1799.99894
$60 oval1799.99894x2300.00048
$61 r1288.00098
$62 rect1699.99914x1700.00168xr424.99788
$63 rect1799.99894x2300.00048
$64 s1799.99894
$65 rect1799.99894x1799.99894xr449.9991
$66 r6502.4
$67 s1288.00098
$68 oval2799.99948x3400.00082
$69 oval2799.99948x3500.00062
$70 r750.00104

#
#Feature attribute names
#
@0 .geometry
@1 .pad_usage
@2 .smd

#
#Feature attribute text strings
#
&0 SMD_RectX1100.0003Y1699.9991
&1 SMD_RectX1779.9990Y3500.0006
&2 SMD_RectX950.0006Y1000.0005
&3 SMD_RectX3300.0010Y2400.0003
&4 SMD_RectX1000.0005Y1799.9989
&5 SMD_RoundRectX5549.9991Y2350.0004
&6 SMD_OvalX2000.0011Y449.9991
&7 SMD_RectX1000.0005Y950.0006
&8 SMD_RoundRectX1200.0001Y399.9992
&9 SMD_RectX1250.0000Y1449.9996
&10 SMD_RoundRectX1599.9993Y449.9991
&11 SMD_RectX900.0007Y850.0008
&12 SMD_ShapeX999.9980Y1223.7999
&13 SMD_RoundRectX2174.0647Y552.1325
&14 SMD_ShapeX1223.7999Y999.9980
&15 SMD_RoundRectX399.9992Y2000.0011
&16 SMD_RectX1449.9996Y1250.0000
&17 SMD_ShapeX600.0242Y1299.9720
&18 SMD_RectX850.0008Y900.0007
&19 SMD_RectX599.9988Y1200.0001
&20 SMD_ShapeX599.9734Y1300.1752
&21 SMD_RectX650.0012Y1649.9992
&22 SMD_RectX499.9990Y950.0006
&23 SMD_RectX2400.0003Y2799.9995
&24 SMD_RoundRectX599.9988Y1000.0005
&25 SMD_RoundRectX1100.0003Y599.9988
&26 SMD_SquareX499.9990Y499.9990
&27 SMD_ShapeX1323.7972Y2399.9977
&28 SMD_RectX2500.0001Y1699.9991
&29 SMD_RectX800.0009Y1200.0001
&30 SMD_ShapeX2399.9977Y1323.7972
&31 SMD_RectX1399.9997Y2200.0007
&32 SMD_ShapeX599.9734Y1299.9974
&33 SMD_RectX299.9994Y1299.9974
&34 SMD_RectX399.9992Y2000.0011
&35 SMD_OvalX599.9988Y1449.9996
&36 SMD_RectX1649.9992Y2999.9991
&37 SMD_RectX2174.0647Y552.1325
&38 Pad_Simple_X1649.9992Y1649.9992H1150.0002C2166.0002
&39 Pad_Complex_X1699.9991Y1700.0017H1020.0005C2036.0005
&40 Pad_Simple_X1569.9994Y1569.9994H1020.0005C2036.0005
&41 Pad_Simple_X1100.0003Y2200.0007H599.9988C1615.9988
&42 Pad_Simple_X1100.0003Y1899.9987H599.9988C1615.9988
&43 Pad_Simple_X1799.9989Y1799.9989H1100.0003C2116.0003
&44 Pad_Simple_X1799.9989Y1799.9989H1000.0005C2016.0005
&45 Pad_Simple_X1799.9989Y2300.0005H1100.0003C2116.0003
&46 Pad_Simple_X1288.0010Y1288.0010H780.0010C1796.0010
&47 Pad_Simple_X6502.4000Y6502.4000H3403.6000C4419.6000
&48 Pad_Complex_X1288.0010Y1288.0010H780.0010C1796.0010
&49 Pad_Simple_X2799.9995Y3400.0008H1599.9993C2615.9993
&50 Pad_Simple_X2799.9995Y3500.0006H1599.9993C2615.9993
&51 Pad_Simple_X1016.0000Y1016.0000H1016.0000C2032.0000
&52 VIA_RoundD750.0010H399.9992C1415.9992

#
#Layer features
#
L 7.89999944 76.90000114 7.99999924 76.80000134 44 P 0
L 7.99999924 68.50000016 7.99999924 76.80000134 44 P 0
L 8.99999978 18.74999806 8.99999978 21.19999824 44 P 0
L 8.99999978 27.80000028 8.99999978 32.4999985 38 P 0
L 10.77500004 9.99998762 18.0500147 9.99998762 49 P 0
L 17.70000016 76.90000114 17.8380009 76.7620004 44 P 0
L 17.8380009 68.66599932 17.8380009 76.7620004 44 P 0
L 17.8380009 68.66599932 17.89999976 68.60400046 44 P 0
L 17.89999976 63.8999992 17.89999976 68.60400046 44 P 0
L 18.0500147 9.99998762 18.0500147 20.80001682 41 P 0
L 18.0500147 9.99998762 19.19999716 9.99998762 49 P 0
L 18.0500147 20.80001682 19.5539995 22.30400162 41 P 0
L 19.19999716 9.99998762 22.92562344 6.27436134 49 P 0
L 19.5539995 22.30400162 19.5539995 23.32900084 41 P 0
L 19.5539995 23.32900084 19.72499992 23.50000126 41 P 0
L 21.27499936 23.50000126 22.99999972 23.50000126 41 P 0
L 22.24999868 30.17498664 22.24999868 33.54999132 39 P 0
L 22.24999868 30.17498664 22.67499656 29.74998876 39 P 0
L 22.24999868 33.54999132 23.26011858 34.56011122 39 P 0
L 22.67499656 29.74998876 25.44999482 29.74998876 39 P 0
L 22.77499636 28.74998822 24.1749961 28.74998822 39 P 0
L 22.92562344 6.27436134 26.2243697 6.27436134 49 P 0
L 22.94999474 30.7499893 24.17499356 30.7499893 39 P 0
L 22.94999474 32.49998834 24.1749961 32.49998834 39 P 0
L 23.26011858 34.56011122 24.73511436 34.56011122 39 P 0
L 23.88999794 12.63998742 23.88999794 12.93998936 48 P 0
L 23.88999794 12.93998936 26.15000866 15.20000008 48 P 0
L 24.17499356 30.7499893 24.1749961 30.74998676 39 P 0
L 24.19999478 27.24998868 24.26317474 27.18680872 40 P 0
L 24.19999478 35.74998946 24.3237131 35.74998946 39 P 0
L 24.26317474 26.18681072 24.26317474 27.18680872 40 P 0
L 24.26317474 26.18681072 25.9499989 24.49998656 40 P 0
L 24.3237131 35.74998946 24.5999127 36.02618906 39 P 0
L 24.5999127 36.02618906 24.95119216 36.02618906 39 P 0
L 24.73511436 34.56011122 26.44999282 36.27498968 39 P 0
L 24.95119216 36.02618906 25.19999278 36.27498968 39 P 0
L 25.19999278 36.27498968 25.19999278 36.77498868 39 P 0
L 25.19999278 43.22498848 25.19999278 46.22498756 39 P 0
L 25.19999278 47.774987 25.2000004 47.77499462 39 P 0
L 25.2000004 47.77499462 25.2000004 49.30000046 39 P 0
L 25.44999482 29.74998876 25.69999432 29.99998826 39 P 0
L 25.69999432 28.74998822 26.44999282 29.49998672 39 P 0
L 25.69999432 29.99998826 25.69999432 30.72498554 39 P 0
L 25.69999432 30.72498554 25.72499554 30.74998676 39 P 0
L 25.69999432 30.74998676 26.94999182 30.74998676 39 P 0
L 25.69999432 32.52498956 25.69999432 33.74998838 39 P 0
L 25.69999432 32.52498956 25.72499554 32.49998834 39 P 0
L 25.69999432 33.74998838 27.50199224 35.5519863 39 P 0
L 25.72499554 28.724987 25.72499554 28.74998822 39 P 0
L 25.94999636 27.24998614 27.5101685 27.24998614 39 P 0
L 25.9499989 24.49998656 27.3499961 24.49998656 40 P 0
L 26.15000866 15.20000008 29.29001254 15.20000008 48 P 0
L 26.2243697 6.27436134 27.69999794 7.74998958 49 P 0
L 26.44999282 29.49998672 26.94999436 29.49998672 39 P 0
L 26.44999282 36.27498968 26.44999282 36.77498868 39 P 0
L 26.94999182 30.74998676 27.669998 31.46999294 39 P 0
L 26.94999436 29.49998672 28.939998 31.48999036 39 P 0
L 27.49999834 68.50000016 27.49999834 76.90000114 44 P 0
L 27.50199224 35.5519863 27.50199224 36.57698806 39 P 0
L 27.50199224 36.57698806 27.69999286 36.77498868 39 P 0
L 27.5101685 27.24998614 27.669998 27.40981564 39 P 0
L 27.669998 27.40981564 27.669998 27.5249894 39 P 0
L 27.669998 31.46999294 27.669998 32.97498866 39 P 0
L 27.69999286 43.22498848 27.69999794 43.22499356 39 P 0
L 27.69999794 7.74998958 27.69999794 12.63998742 49 P 0
L 27.69999794 7.74998958 39.19999526 7.74998958 49 P 0
L 27.69999794 17.71998742 28.51047892 18.5304684 48 P 0
L 27.69999794 43.22499356 27.69999794 45.1999985 39 P 0
L 27.69999794 45.1999985 27.70000048 45.20000104 39 P 0
L 28.19999948 51.50000114 29.72500024 51.50000114 39 P 0
L 28.51047892 18.5304684 29.2702869 18.5304684 48 P 0
L 28.89999554 24.47498534 28.89999554 24.49998656 48 P 0
L 28.89999554 24.47498534 29.2589458 24.11603508 48 P 0
L 28.89999554 24.52498778 29.2589458 24.88393804 48 P 0
L 28.939998 27.1786223 28.939998 27.5249894 48 P 0
L 28.939998 27.1786223 29.40734784 26.71127246 48 P 0
L 28.939998 31.48999036 28.939998 32.97498866 39 P 0
L 28.939998 32.97498866 30.209998 32.97498866 39 P 0
L 29.12474744 21.5436323 29.12474744 21.69999978 48 P 0
L 29.12474744 21.5436323 29.4320976 21.23628214 48 P 0
L 29.12474744 21.69999978 29.12474744 21.85636726 48 P 0
L 29.12474744 21.85636726 29.4320976 22.16371742 48 P 0
L 29.2589458 24.11603508 29.27757924 24.11603508 48 P 0
L 29.2589458 24.88393804 29.27757924 24.88393804 48 P 0
L 29.2702869 18.5304684 29.43734778 18.69752928 48 P 0
L 29.27757924 24.11603508 29.43234652 23.9612678 48 P 0
L 29.27757924 24.88393804 29.43234652 25.03870532 48 P 0
L 29.29001254 15.20000008 31.50999794 17.41998548 48 P 0
L 29.40734784 26.35351854 29.40734784 26.71127246 48 P 0
L 29.40734784 26.35351854 29.43234652 26.32851986 48 P 0
L 29.4320976 19.0449708 29.4320976 21.23628214 48 P 0
L 29.4320976 19.0449708 29.43734778 19.03972062 48 P 0
L 29.4320976 22.16371742 29.4320976 23.58738488 48 P 0
L 29.4320976 23.58738488 29.43234652 23.5876338 48 P 0
L 29.43234652 23.5876338 29.43234652 23.9612678 48 P 0
L 29.43234652 25.03870532 29.43234652 26.32851986 48 P 0
L 29.43734778 18.69752928 29.43734778 19.03972062 48 P 0
L 29.44999698 35.74998946 29.5737153 35.74998946 39 P 0
L 29.5737153 35.74998946 29.8499149 36.02618906 39 P 0
L 29.74264816 26.4924032 29.74264816 26.71127246 48 P 0
L 29.74264816 26.4924032 29.76764684 26.46740452 48 P 0
L 29.74264816 26.71127246 30.209998 27.1786223 48 P 0
L 29.76739792 19.18385546 29.76739792 21.23628214 48 P 0
L 29.76739792 19.18385546 29.7726481 19.17860528 48 P 0
L 29.76739792 21.23628214 30.07474808 21.5436323 48 P 0
L 29.76739792 22.16371742 29.76739792 23.44850022 48 P 0
L 29.76739792 22.16371742 30.07474808 21.85636726 48 P 0
L 29.76739792 23.44850022 29.76764684 23.44874914 48 P 0
L 29.76764684 23.44874914 29.76764684 23.9612678 48 P 0
L 29.76764684 23.9612678 29.92241412 24.11603508 48 P 0
L 29.76764684 25.03870532 29.76764684 26.46740452 48 P 0
L 29.76764684 25.03870532 29.92241412 24.88393804 48 P 0
L 29.7726481 18.69752928 29.7726481 19.17860528 48 P 0
L 29.7726481 18.69752928 29.93970898 18.5304684 48 P 0
L 29.8499149 36.02618906 30.20119182 36.02618906 39 P 0
L 29.92241412 24.11603508 29.94104756 24.11603508 48 P 0
L 29.92241412 24.88393804 29.94104756 24.88393804 48 P 0
L 29.93970898 18.5304684 30.69951696 18.5304684 48 P 0
L 29.94104756 24.11603508 30.29999782 24.47498534 48 P 0
L 29.94104756 24.88393804 30.29999782 24.52498778 48 P 0
L 30.07474808 21.5436323 30.07474808 21.69999978 48 P 0
L 30.07474808 21.69999978 30.07474808 21.85636726 48 P 0
L 30.20119182 36.02618906 30.44999244 36.27498968 39 P 0
L 30.209998 27.1786223 30.209998 27.5249894 48 P 0
L 30.209998 32.97498866 30.209998 34.7849952 39 P 0
L 30.209998 34.7849952 31.69999248 36.27498968 39 P 0
L 30.29999782 24.47498534 30.29999782 24.49998656 48 P 0
L 30.29999782 24.49998656 30.29999782 24.52498778 48 P 0
L 30.44999244 36.27498968 30.44999244 36.77498868 39 P 0
L 30.44999244 43.22498848 30.44999244 43.72498748 39 P 0
L 30.49999996 45.87499842 32.62499698 45.87499842 39 P 0
L 31.1500012 48.124999 31.1500012 49.87500058 39 P 0
L 31.1500012 49.87500058 31.27499968 49.99999906 39 P 0
L 31.27499968 49.99999906 31.27499968 51.50000114 39 P 0
L 31.479998 27.5249894 31.479998 28.02998966 39 P 0
L 31.479998 28.02998966 32.94999506 29.49998672 39 P 0
L 31.479998 31.71998482 31.479998 32.97498866 39 P 0
L 31.479998 31.71998482 31.94999452 31.2499883 39 P 0
L 31.50999794 12.63998742 31.50999794 13.59498424 48 P 0
L 31.50999794 13.59498424 32.86702088 14.95200718 48 P 0
L 31.50999794 17.41998548 31.50999794 17.71998742 48 P 0
L 31.69999248 36.27498968 31.69999248 36.77498868 39 P 0
L 31.84999726 24.49998656 31.84999726 25.7999865 39 P 0
L 31.94999452 31.2499883 34.1999951 31.2499883 39 P 0
L 32.62499698 45.87499842 32.94999506 46.1999965 39 P 0
L 32.6999981 32.74998784 34.17499642 32.74998784 39 P 0
L 32.86702088 14.95200718 33.0858876 14.95200718 48 P 0
L 32.94999252 35.24999046 32.94999252 36.77498868 39 P 0
L 32.94999252 35.24999046 33.8269961 34.37298688 39 P 0
L 32.94999252 43.22498848 32.94999252 46.17499274 39 P 0
L 32.94999252 46.17499274 33.00000004 46.22500026 39 P 0
L 32.94999506 29.49998672 34.1999951 29.49998672 39 P 0
L 33.00000004 47.7749997 34.2250014 47.7749997 39 P 0
L 33.0858876 14.95200718 33.33886144 14.69903334 48 P 0
L 33.32297882 15.18910094 33.32297882 16.06296762 48 P 0
L 33.32297882 15.18910094 33.4777461 15.03433366 48 P 0
L 33.32297882 16.06296762 34.67999668 17.41998548 48 P 0
L 33.33886144 14.69903334 37.57321924 14.69903334 48 P 0
L 33.4777461 15.03433366 37.43433458 15.03433366 48 P 0
L 33.8269961 33.09798816 33.8269961 34.37298688 39 P 0
L 33.8269961 33.09798816 34.17499642 32.74998784 39 P 0
L 34.17499642 28.09998698 34.17499642 29.49998672 39 P 0
L 34.44999206 46.24998624 35.67499342 46.24998624 39 P 0
L 34.67999668 17.41998548 34.67999668 17.71998742 48 P 0
L 35.50000012 47.97497898 35.6999921 47.774987 39 P 0
L 35.67499342 46.24998624 35.69999464 46.22498502 39 P 0
L 35.69999464 33.99998788 35.69999464 36.77498868 39 P 0
L 35.69999464 43.22498848 35.69999464 46.22498502 39 P 0
L 35.72499586 29.49998672 36.07299618 29.1519864 39 P 0
L 35.72499586 31.2499883 37.19999672 31.2499883 39 P 0
L 35.72499586 32.74998784 35.76989544 32.79488742 39 P 0
L 35.76989544 32.79488742 37.14363158 32.79488742 39 P 0
L 36.07299618 28.49767732 36.19999618 28.37067732 39 P 0
L 36.19999618 28.24998922 36.19999618 28.37067732 39 P 0
L 36.80000006 47.2250008 36.80000006 53.30000008 39 P 0
L 36.80000006 47.2250008 37.47699896 46.5480019 39 P 0
L 36.94999468 43.22498848 36.94999468 43.72498748 39 P 0
L 36.94999468 43.22498848 36.94999468 43.72498748 39 P 0
L 36.94999468 43.72498748 36.94999468 44.94999392 39 P 0
L 36.94999468 44.94999392 37.47699896 45.4769982 39 P 0
L 37.19999672 31.2499883 38.08179582 32.1317874 39 P 0
L 37.29999906 76.90000114 37.4379998 76.7620004 44 P 0
L 37.43433458 15.03433366 40.2088604 17.80885948 48 P 0
L 37.4379998 68.66599932 37.4379998 76.7620004 44 P 0
L 37.4379998 68.66599932 37.5000012 68.60399792 44 P 0
L 37.47699896 45.4769982 37.47699896 45.92699984 39 P 0
L 37.47699896 45.92699984 37.77499938 46.22500026 39 P 0
L 37.47699896 46.52300068 37.47699896 46.5480019 39 P 0
L 37.47699896 46.52300068 37.77499938 46.22500026 39 P 0
L 37.5000012 63.999999 37.5000012 68.60399792 44 P 0
L 37.57321924 14.69903334 40.34774506 17.47355916 48 P 0
L 37.77499938 46.22500026 37.8000006 46.22500026 39 P 0
L 37.77499938 46.22500026 37.8000006 46.22500026 39 P 0
L 37.8000006 47.7749997 37.82499928 47.75000102 39 P 0
L 37.82499928 47.75000102 39.30000268 47.75000102 39 P 0
L 38.08179582 32.1317874 38.08179582 36.65678978 39 P 0
L 38.08179582 36.65678978 38.19999472 36.77498868 39 P 0
L 38.19999472 43.22498848 38.19999472 43.72498748 39 P 0
L 39.19999526 7.74998958 41.94999738 4.99998746 49 P 0
L 39.20000034 44.7249931 39.20000034 44.7999993 39 P 0
L 40.2088604 17.80885948 44.97822094 17.80885948 48 P 0
L 40.34774506 17.47355916 44.83933628 17.47355916 48 P 0
L 41.1999938 48.49998682 41.50000082 48.79999384 40 P 0
L 41.94999738 4.99998746 49.44999508 4.99998746 49 P 0
L 44.83933628 17.47355916 47.07701786 15.23587758 48 P 0
L 44.97822094 17.80885948 47.31411162 15.4729688 48 P 0
L 45.72 13.33998856 45.72 13.6399905 48 P 0
L 45.72 13.6399905 47.07701786 14.99700836 48 P 0
L 46.99999998 68.50000016 46.99999998 76.80000134 44 P 0
L 46.99999998 76.80000134 47.09999978 76.90000114 44 P 0
L 47.07701786 14.99700836 47.07701786 15.23587758 48 P 0
L 47.31411162 15.4729688 47.53297834 15.4729688 48 P 0
L 47.53297834 15.4729688 48.88999874 16.8299892 48 P 0
L 48.88999874 12.6999873 49.21000064 13.0199892 48 P 0
L 48.88999874 16.8299892 48.88999874 17.14998856 48 P 0
L 49.21000064 13.0199892 52.37999938 13.0199892 48 P 0
L 49.44999508 4.99998746 51.4299962 6.97998858 49 P 0
L 51.4299962 6.97998858 60.94999748 6.97998858 49 P 0
L 52.37999938 13.0199892 52.69999874 13.33998856 48 P 0
L 56.9000005 76.90000114 57.0000003 76.80000134 44 P 0
L 57.0000003 63.999999 57.0000003 76.80000134 44 P 0
L 58.49999984 49.99999906 60.14999908 49.99999906 41 P 0
L 62.59999926 32.50000104 62.59999926 34.47472404 43 P 0
L 62.59999926 34.47472404 63.25467664 35.12940142 43 P 0
L 62.72282604 39.69782002 62.72500282 39.6999968 39 P 0
L 62.72500282 37.94999522 62.72500282 37.97499644 39 P 0
L 62.72500282 37.97499644 63.95160184 39.20159546 39 P 0
L 63.25467664 35.12940142 63.8793998 35.12940142 43 P 0
L 63.42500142 40.54999764 63.42500142 42.20000196 39 P 0
L 63.42500142 40.54999764 63.92660062 40.04839844 39 P 0
L 63.8793998 35.12940142 63.8999992 35.15000082 43 P 0
L 63.8999992 34.20000018 64.89999974 34.20000018 41 P 0
L 63.8999992 36.09999892 64.0802884 36.09999892 39 P 0
L 63.92660062 40.04839844 63.95160184 40.04839844 39 P 0
L 63.95160184 39.20159546 63.95160184 39.37659638 39 P 0
L 63.95160184 39.37659638 64.27500226 39.6999968 39 P 0
L 63.95160184 40.04839844 64.27500226 39.72499802 39 P 0
L 64.0802884 36.09999892 64.27500226 36.29471278 39 P 0
L 64.27500226 36.29471278 64.27500226 37.94999522 39 P 0
L 64.27500226 39.6999968 64.27500226 39.72499802 39 P 0
L 64.67499638 41.79999768 65.57499458 40.89999948 39 P 0
L 64.67499638 43.19999742 66.10464046 43.19999742 39 P 0
L 65.57499458 40.89999948 72.39999998 40.89999948 39 P 0
L 66.10464046 43.19999742 66.14202926 43.23738622 39 P 0
L 66.49999908 68.50000016 66.49999908 68.60400046 44 P 0
L 66.49999908 68.60400046 66.56199794 68.66599932 44 P 0
L 66.56199794 68.66599932 66.56199794 76.7620004 44 P 0
L 66.56199794 76.7620004 66.69999868 76.90000114 44 P 0
L 69.9999997 54.40000042 72.79999918 54.40000042 46 P 0
L 71.5849978 50.38499956 72.00000078 50.80000254 40 P 0
L 71.82499986 9.87500184 73.34999808 9.87500184 41 P 0
L 72.00000078 50.80000254 72.00000078 52.0536297 40 P 0
L 72.00000078 52.0536297 72.44637022 52.49999914 40 P 0
L 72.38499874 28.49999888 72.44249926 28.5574994 45 P 0
L 72.44249926 28.5574994 72.44249926 33.44249852 45 P 0
L 72.44249926 33.44249852 72.49999978 33.49999904 45 P 0
L 72.44637022 52.49999914 78.00841904 52.49999914 40 P 0
L 73.60000012 56.7000009 76.699999 56.7000009 41 P 0
L 74.27500004 4.50000116 74.28749938 4.5125005 43 P 0
L 74.28549278 3.22557902 74.28549278 4.45058038 41 P 0
L 74.28749938 4.5125005 74.28749938 7.11250292 43 P 0
L 74.28749938 7.11250292 74.29999872 7.12500226 43 P 0
L 74.29999872 9.87500184 74.37244968 9.9474528 39 P 0
L 74.37244968 9.9474528 74.37244968 10.77244988 39 P 0
L 74.37244968 10.77244988 75.58258188 11.98258208 39 P 0
L 74.40000106 24.00000026 75.3000018 23.09999952 39 P 0
L 74.66108766 19.05158496 74.66108766 20.86108858 39 P 0
L 74.66108766 19.05158496 75.09999966 18.61267296 39 P 0
L 74.66108766 20.86108858 74.97699762 21.17699854 39 P 0
L 74.97699762 21.17699854 75.42699926 21.17699854 39 P 0
L 75.09999966 18.5000011 75.09999966 18.61267296 39 P 0
L 75.24999682 6.92500012 75.24999682 8.44418174 39 P 0
L 75.24999682 6.92500012 75.2974491 6.87754784 39 P 0
L 75.24999682 8.44418174 83.80000004 16.99418496 39 P 0
L 75.24999682 9.87500184 75.30292788 9.9279329 39 P 0
L 75.2974491 6.202553 75.2974491 6.87754784 39 P 0
L 75.2974491 6.202553 76.07850672 5.42149538 39 P 0
L 75.3000018 23.09999952 75.700001 23.09999952 39 P 0
L 75.30292788 9.9279329 76.02793278 9.9279329 39 P 0
L 75.42699926 21.17699854 75.72499968 21.47499896 39 P 0
L 75.700001 23.09999952 77.27499912 21.5250014 39 P 0
L 75.72499968 20.00000064 75.8706001 19.85440022 43 P 0
L 75.72499968 21.47499896 75.72499968 21.50000018 39 P 0
L 75.8000008 50.6000004 79.40000122 50.6000004 45 P 0
L 75.8706001 19.08113786 75.8706001 19.85440022 43 P 0
L 75.8706001 19.08113786 76.3999996 18.55173836 43 P 0
L 76.0000004 13.77499912 76.0000004 15.00000048 41 P 0
L 76.02793278 9.9279329 77.52850382 11.42850394 39 P 0
L 76.07850672 4.64649566 76.07850672 5.42149538 39 P 0
L 76.07850672 4.64649566 76.22500122 4.50000116 39 P 0
L 76.3999996 18.5000011 76.3999996 18.55173836 43 P 0
L 76.4999994 63.999999 76.4999994 76.90000114 44 P 0
L 76.699999 54.50000276 76.699999 56.7000009 45 P 0
L 76.699999 54.50000276 76.80000134 54.40000042 45 P 0
L 76.699999 56.7000009 76.699999 59.35071442 45 P 0
L 76.699999 59.35071442 78.99999948 61.6507149 45 P 0
L 77.27499912 20.00000064 77.27499912 21.50000018 39 P 0
L 77.27499912 21.50000018 77.27499912 21.5250014 39 P 0
L 77.52850382 11.42850394 77.52850382 11.95350416 39 P 0
L 77.52850382 11.95350416 78.12149476 12.5464951 39 P 0
L 77.59999974 24.39999946 77.61400276 24.38599644 39 P 0
L 77.61400276 23.13599894 77.61400276 24.38599644 39 P 0
L 77.61400276 23.13599894 79.2250003 21.5250014 39 P 0
L 77.77500066 4.50000116 77.77500066 5.72500252 41 P 0
L 77.79999934 13.77499912 77.79999934 15.00000048 41 P 0
L 78.00841904 52.49999914 78.89999968 53.39157978 40 P 0
L 78.12149476 12.5464951 78.54649518 12.5464951 39 P 0
L 78.54649518 12.5464951 83.0999989 17.09999882 39 P 0
L 78.89999968 53.39157978 78.89999968 57.15 40 P 0
L 78.89999968 57.15 80.46950124 58.71950156 40 P 0
L 78.99999948 61.6507149 78.99999948 78.2501229 45 P 0
L 78.99999948 78.2501229 80.48789846 79.73802188 45 P 0
L 79.19999908 18.5000011 79.21249842 18.51250044 43 P 0
L 79.21249842 18.51250044 79.21249842 19.98749876 43 P 0
L 79.21249842 19.98749876 79.2250003 20.00000064 43 P 0
L 79.2250003 21.50000018 79.2250003 21.5250014 39 P 0
L 79.70000062 31.39999816 79.70000062 35.30000306 39 P 0
L 79.70000062 31.39999816 80.09999982 30.99999896 39 P 0
L 79.70000062 35.30000306 81.49999956 37.100002 39 P 0
L 80.09999982 26.20000094 80.09999982 30.99999896 39 P 0
L 80.09999982 26.20000094 81.79999896 24.5000018 39 P 0
L 80.46950124 58.71950156 83.21950082 58.71950156 40 P 0
L 80.48789846 79.73802188 97.23435468 79.73802188 45 P 0
L 80.59999882 21.59999998 80.59999882 24.19999986 39 P 0
L 80.59999882 21.59999998 80.69999862 21.50000018 39 P 0
L 80.77499974 20.00000064 80.77499974 21.50000018 39 P 0
L 81.49999956 32.020002 83.17999874 32.020002 39 P 0
L 81.49999956 39.640002 81.5599969 39.640002 39 P 0
L 81.49999956 42.180002 83.60000044 40.08000112 39 P 0
L 81.5599969 39.640002 82.8999993 38.2999996 39 P 0
L 81.79999896 23.29999912 81.79999896 24.5000018 39 P 0
L 82.4000003 5.72499998 82.42500152 5.72499998 39 P 0
L 82.409157 7.28415612 82.409157 8.5921596 39 P 0
L 82.42500152 5.72499998 83.65000034 4.50000116 39 P 0
L 82.6999997 22.40000092 82.6999997 23.29999912 39 P 0
L 82.6999997 22.40000092 83.0999989 22.00000172 39 P 0
L 82.6999997 23.29999912 83.89999984 24.49999926 39 P 0
L 82.89749486 61.2724073 83.50000064 61.87491308 39 P 0
L 82.8999993 33.80000098 82.8999993 38.2999996 39 P 0
L 82.8999993 33.80000098 85.69295282 31.00704746 39 P 0
L 82.9999991 43.49999936 87.10000106 43.49999936 39 P 0
L 83.0999989 17.09999882 83.0999989 22.00000172 39 P 0
L 83.0999989 46.09999924 83.1517641 46.15176444 39 P 0
L 83.1517641 46.15176444 84.18619942 46.15176444 39 P 0
L 83.1556503 48.4443532 83.1556503 55.65564942 39 P 0
L 83.1556503 48.4443532 84.4750025 47.125001 39 P 0
L 83.1556503 55.65564942 84.02500594 56.52500506 39 P 0
L 83.17999874 32.020002 84.90000038 30.30000036 39 P 0
L 83.21950082 58.71950156 84.50000118 60.00000192 40 P 0
L 83.50000064 61.87491308 83.50000064 63.36721896 39 P 0
L 83.50000064 63.36721896 84.50000118 64.3672195 39 P 0
L 83.60000044 34.10000292 83.60000044 40.08000112 39 P 0
L 83.60000044 34.10000292 86.10000306 31.6000003 39 P 0
L 83.60000044 65.39999874 83.6611992 65.4611975 39 P 0
L 83.65000034 4.50000116 88.3000012 4.50000116 39 P 0
L 83.6611992 65.4611975 83.6611992 66.46120058 39 P 0
L 83.6611992 66.46120058 85.5750003 68.37500168 39 P 0
L 83.70000024 67.69999922 83.80000004 67.69999922 39 P 0
L 83.7019027 49.21146368 83.7019027 55.2945173 39 P 0
L 83.7019027 49.21146368 84.19999924 48.71336714 39 P 0
L 83.7019027 55.2945173 84.28239176 55.87500636 39 P 0
L 83.80000004 16.99418496 83.80000004 22.99999972 39 P 0
L 83.80000004 67.69999922 84.57222608 68.47222526 39 P 0
L 83.80000004 70.1999993 83.895057 70.29505626 39 P 0
L 83.83832102 75.9000006 85.5750003 75.9000006 39 P 0
L 83.87268214 74.40000106 85.5750003 74.40000106 39 P 0
L 83.88843268 78.3115655 83.88843268 78.31156804 39 P 0
L 83.88843268 78.3115655 84.67686392 77.52313426 39 P 0
L 83.89328662 72.90000152 85.5750003 72.90000152 39 P 0
L 83.895057 70.29505626 84.4950558 70.29505626 39 P 0
L 83.89999984 24.49999926 83.89999984 25.45203952 39 P 0
L 83.89999984 25.45203952 84.39999884 25.95203852 39 P 0
L 84.02500594 56.52500506 86.64999942 56.52500506 39 P 0
L 84.18619942 46.15176444 84.50943728 46.4750023 39 P 0
L 84.19999924 48.69999912 84.19999924 48.71336714 39 P 0
L 84.28239176 55.87500636 86.64999942 55.87500636 39 P 0
L 84.39999884 25.95203852 84.39999884 26.10000114 39 P 0
L 84.39999884 36.70000026 85.64814722 36.70000026 39 P 0
L 84.39999884 38.4999992 84.4349975 38.53499786 39 P 0
L 84.39999884 39.89999894 85.49999918 39.89999894 39 P 0
L 84.4266663 35.29428806 85.62385212 35.29428806 39 P 0
L 84.4349975 38.53499786 85.78314822 38.53499786 39 P 0
L 84.4750025 47.125001 87.400003 47.125001 39 P 0
L 84.4950558 70.29505626 85.32850346 71.12850392 39 P 0
L 84.50000118 60.00000192 84.50000118 63.000001 40 P 0
L 84.50000118 63.000001 86.00000072 64.50000054 40 P 0
L 84.50000118 64.3672195 84.50000118 65.80000048 39 P 0
L 84.50000118 65.80000048 85.5750003 66.8749996 39 P 0
L 84.50200016 21.52432068 84.50200016 25.00199978 39 P 0
L 84.50200016 21.52432068 85.82500488 20.20131596 39 P 0
L 84.50200016 25.00199978 85.09999998 25.5999996 39 P 0
L 84.50943728 46.4750023 87.400003 46.4750023 39 P 0
L 84.57222608 68.47222526 84.57222608 68.872227 39 P 0
L 84.57222608 68.872227 85.5750003 69.87500122 39 P 0
L 84.60000098 50.09999886 84.60000098 51.42500002 41 P 0
L 84.67686392 77.52313426 85.45186872 77.52313426 39 P 0
L 84.70000078 51.52499982 86.3249988 51.52499982 39 P 0
L 84.70000078 53.07499926 84.725002 53.07499926 39 P 0
L 84.81831144 16.67631158 84.81831144 17.90131294 41 P 0
L 84.90000038 30.30000036 96.30000298 30.30000036 39 P 0
L 85.00000018 48.00000052 85.1479628 48.00000052 40 P 0
L 85.07300232 53.44210292 85.07300232 53.63878782 39 P 0
L 85.07300232 53.63878782 85.50509442 54.07087992 39 P 0
L 85.09999998 25.5999996 86.00000072 25.5999996 39 P 0
L 85.1479628 48.00000052 85.37296108 47.77500224 40 P 0
L 85.32850346 71.12850392 85.32850346 71.15350514 39 P 0
L 85.32850346 71.15350514 85.5750003 71.40000198 39 P 0
L 85.37296108 47.77500224 87.400003 47.77500224 40 P 0
L 85.45186872 77.52313426 85.5750003 77.40000268 39 P 0
L 85.49999918 39.89999894 85.59999898 39.99999874 39 P 0
L 85.50509442 54.07087992 85.50509442 54.20509606 39 P 0
L 85.50509442 54.20509606 85.59999898 54.30000062 39 P 0
L 85.5750003 66.8749996 85.5750003 66.90000082 39 P 0
L 85.5750003 68.37500168 85.5750003 68.4000029 39 P 0
L 85.5750003 69.87500122 85.5750003 69.90000244 39 P 0
L 85.59999898 54.30000062 85.69490354 54.39490518 39 P 0
L 85.62385212 35.29428806 85.68314334 35.23499684 39 P 0
L 85.64814722 36.70000026 85.68314334 36.73499638 39 P 0
L 85.69295282 31.00704746 97.79295148 31.00704746 39 P 0
L 85.69490354 54.39490518 85.69490354 54.84490936 39 P 0
L 85.69490354 54.84490936 86.0749993 55.22500512 39 P 0
L 85.82500488 21.70000232 86.00000072 21.87499816 39 P 0
L 85.99999818 24.10883418 86.00000072 24.10883164 39 P 0
L 86.00000072 8.9345135 86.00000072 8.99999978 41 P 0
L 86.00000072 8.9345135 87.32496378 7.60955044 41 P 0
L 86.00000072 21.87499816 86.00000072 24.10883164 39 P 0
L 86.00000072 25.5999996 86.00000072 25.899999 39 P 0
L 86.00000072 25.899999 86.00000072 28.00000242 39 P 0
L 86.00000072 28.00000242 87.49999772 29.49999942 39 P 0
L 86.00000072 64.50000054 86.89999892 64.50000054 40 P 0
L 86.0749993 55.22500512 86.64999942 55.22500512 39 P 0
L 86.10000306 31.6000003 96.30000044 31.6000003 39 P 0
L 86.3249988 51.52499982 86.49999972 51.70000074 39 P 0
L 86.36831088 17.90131294 86.36831088 17.92631416 39 P 0
L 86.36831088 17.92631416 86.7417112 18.29971448 39 P 0
L 86.59199852 21.40000038 97.19999864 21.40000038 39 P 0
L 86.64999942 57.1750063 86.77340024 57.05160548 39 P 0
L 86.64999942 57.825005 86.74824662 57.7267578 39 P 0
L 86.64999942 58.47500624 86.77340024 58.35160542 39 P 0
L 86.64999942 59.12500494 86.6625013 59.11250306 39 P 0
L 86.64999942 59.77500618 88.82704358 59.77500618 39 P 0
L 86.64999942 60.42500488 88.52500456 60.42500488 39 P 0
L 86.64999942 61.07500612 86.77340024 61.19840694 39 P 0
L 86.64999942 61.72500482 86.77340024 61.84840564 39 P 0
L 86.64999942 62.37500606 86.77340024 62.49840688 39 P 0
L 86.6625013 59.11250306 88.63953316 59.11250306 39 P 0
L 86.7417112 18.29971448 87.39971344 18.29971448 39 P 0
L 86.77340024 57.05160548 87.74839448 57.05160548 39 P 0
L 86.77340024 58.35160542 88.20239154 58.35160542 39 P 0
L 86.77340024 61.19840694 87.79840708 61.19840694 39 P 0
L 86.77340024 61.84840564 87.64840484 61.84840564 39 P 0
L 86.77340024 62.49840688 87.59840748 62.49840688 39 P 0
L 86.89999892 64.50000054 88.79049806 66.39049968 40 P 0
L 87.00000126 38.40499812 90.25490458 38.40499812 39 P 0
L 87.10000106 43.49999936 87.20000086 43.39999956 39 P 0
L 87.12499974 66.90000082 88.400001 66.90000082 39 P 0
L 87.12499974 68.4000029 87.38693216 68.66193532 39 P 0
L 87.12499974 69.90000244 87.12499974 69.92309612 39 P 0
L 87.12499974 69.92309612 87.44840016 70.24649654 39 P 0
L 87.12499974 71.40000198 88.10000414 71.40000198 39 P 0
L 87.12499974 74.37499984 87.12499974 74.40000106 39 P 0
L 87.12499974 74.37499984 87.44840016 74.05159942 39 P 0
L 87.12499974 75.9000006 87.79999966 75.9000006 39 P 0
L 87.12499974 77.40000268 87.12500228 77.40000014 39 P 0
L 87.12500228 77.40000014 88.400001 77.40000014 39 P 0
L 87.1749971 24.3366036 87.1749971 25.19999786 39 P 0
L 87.1749971 24.3366036 89.31160192 22.19999878 39 P 0
L 87.22499954 72.80000172 87.32499934 72.70000192 39 P 0
L 87.23314278 35.23499684 88.13499772 35.23499684 39 P 0
L 87.23314278 36.73499638 88.3693432 36.73499638 39 P 0
L 87.32496378 7.0684771 87.32496378 7.60955044 41 P 0
L 87.32499934 72.70000192 90.10000268 72.70000192 39 P 0
L 87.38693216 68.66193532 88.16193696 68.66193532 39 P 0
L 87.39971344 18.29971448 88.8000002 19.70000124 39 P 0
L 87.400003 45.82500106 87.50945922 45.82500106 39 P 0
L 87.400003 46.4750023 89.07500346 46.4750023 39 P 0
L 87.400003 47.125001 88.92500122 47.125001 39 P 0
L 87.44840016 70.24649654 87.8464969 70.24649654 39 P 0
L 87.44840016 74.05159942 88.19839866 74.05159942 39 P 0
L 87.49999772 29.49999942 96.20000064 29.49999942 39 P 0
L 87.50000026 10.00000032 87.54630192 9.95369866 41 P 0
L 87.50945922 45.82500106 87.60000006 45.73446022 39 P 0
L 87.54630192 8.95369812 87.54630192 9.95369866 41 P 0
L 87.54630192 8.95369812 88.12496218 8.37503786 41 P 0
L 87.59840748 62.49840688 89.80000074 64.70000014 39 P 0
L 87.60000006 42.19999942 88.77499898 42.19999942 39 P 0
L 87.60000006 44.5999997 87.60000006 45.73446022 39 P 0
L 87.60000006 44.5999997 87.7342162 44.5999997 39 P 0
L 87.64840484 61.84840564 89.899998 64.0999988 39 P 0
L 87.7342162 44.5999997 88.0112159 44.323 39 P 0
L 87.74839448 57.05160548 88.3000012 56.49999876 39 P 0
L 87.79840708 61.19840694 88.9600964 62.36009626 39 P 0
L 87.79999966 53.00000068 88.3000012 53.50000222 39 P 0
L 87.79999966 75.9000006 88.09999906 75.6000012 39 P 0
L 87.8464969 70.24649654 89.00000234 71.40000198 39 P 0
L 87.92240734 50.17759078 87.92240734 51.77759266 39 P 0
L 87.92240734 50.17759078 87.99999926 50.09999886 39 P 0
L 88.0112159 44.323 88.65199948 44.323 39 P 0
L 88.09999906 33.70000118 88.19505602 33.79505814 39 P 0
L 88.09999906 74.9000026 88.09999906 75.6000012 39 P 0
L 88.09999906 74.9000026 88.9999998 74.00000186 39 P 0
L 88.10000414 71.40000198 88.75000538 72.05000322 39 P 0
L 88.12496218 7.0684136 88.12496218 8.37503786 41 P 0
L 88.13499772 35.23499684 88.764999 35.86499812 39 P 0
L 88.16193696 68.66193532 88.400001 68.89999936 39 P 0
L 88.19505602 33.79505814 88.64399848 33.79505814 39 P 0
L 88.19839866 74.05159942 88.89999492 73.35000316 39 P 0
L 88.20239154 58.35160542 89.15399746 57.3999995 39 P 0
L 88.3000012 4.50000116 89.27498528 5.47498524 39 P 0
L 88.3000012 53.50000222 88.3000012 56.49999876 39 P 0
L 88.3693432 36.73499638 88.7025785 37.06823168 39 P 0
L 88.400001 66.90000082 88.9 67.39999982 39 P 0
L 88.400001 68.89999936 88.400001 69.80000264 39 P 0
L 88.400001 69.80000264 89.2999992 70.70000084 39 P 0
L 88.400001 77.40000014 88.7500003 77.05000084 39 P 0
L 88.52500456 60.42500488 89.2999992 61.19999952 39 P 0
L 88.63953316 59.11250306 89.15203658 58.59999964 39 P 0
L 88.64399848 33.79505814 89.44393846 34.59499812 39 P 0
L 88.65199948 44.323 88.9999998 43.97499968 39 P 0
L 88.7025785 37.06823168 90.18813814 37.06823168 39 P 0
L 88.7500003 75.60000374 88.7500003 77.05000084 39 P 0
L 88.7500003 75.60000374 89.70000094 74.6500031 39 P 0
L 88.75000538 72.05000322 90.10000268 72.05000322 39 P 0
L 88.764999 35.86499812 90.25490458 35.86499812 39 P 0
L 88.77499898 42.19999942 88.9999998 42.42500024 39 P 0
L 88.79049806 66.39049968 89.7904986 66.39049968 40 P 0
L 88.8000002 19.70000124 90.39999954 19.70000124 39 P 0
L 88.82704358 59.77500618 89.15203658 60.09999918 39 P 0
L 88.89999492 73.35000316 90.10000268 73.35000316 39 P 0
L 88.9 67.39999982 88.9 69.56193606 39 P 0
L 88.9 69.56193606 89.43806344 70.0999995 39 P 0
L 88.92500122 47.125001 89.33719242 47.5371922 39 P 0
L 88.9600964 62.36009626 89.41213258 62.36009626 39 P 0
L 88.9999998 74.00000186 90.10000268 74.00000186 39 P 0
L 89.00000234 71.40000198 90.10000268 71.40000198 39 P 0
L 89.04997938 10.7435015 89.24047938 10.5530015 50 P 0
L 89.04997938 13.04350198 89.22627824 13.21980084 47 P 0
L 89.07500346 46.4750023 89.97374436 47.3737432 39 P 0
L 89.07500346 46.4750023 90.39999954 45.15000622 39 P 0
L 89.15203658 58.59999964 89.2999992 58.59999964 39 P 0
L 89.15203658 60.09999918 89.2999992 60.09999918 39 P 0
L 89.15399746 57.3999995 89.2999992 57.3999995 39 P 0
L 89.22627824 13.21980084 89.22627824 14.04788656 47 P 0
L 89.22627824 14.04788656 89.54449706 14.36610538 47 P 0
L 89.24047938 9.178925 89.24047938 10.5530015 50 P 0
L 89.24047938 9.178925 89.75687916 8.66252522 50 P 0
L 89.27498528 5.47498524 89.27498528 7.0685025 39 P 0
L 89.2999992 48.69999912 89.33719242 48.6628059 39 P 0
L 89.2999992 48.69999912 89.34398184 48.74398176 39 P 0
L 89.2999992 70.70000084 90.05000024 70.70000084 39 P 0
L 89.31160192 22.19999878 94.69999856 22.19999878 39 P 0
L 89.33719242 47.5371922 89.33719242 48.6628059 39 P 0
L 89.34398184 48.74398176 89.94398064 48.74398176 39 P 0
L 89.41213258 62.36009626 89.95203752 62.9000012 39 P 0
L 89.43806344 70.0999995 90.10000014 70.0999995 39 P 0
L 89.44393846 34.59499812 90.25490458 34.59499812 39 P 0
L 89.54449706 14.36610538 89.54449706 14.50210714 47 P 0
L 89.5499987 15.52222702 89.5499987 15.60000182 47 P 0
L 89.5499987 15.52222702 90.49449516 14.57773056 47 P 0
L 89.5499987 15.60000182 89.64616564 15.69616876 47 P 0
L 89.60000114 50.2000012 89.60000114 51.52499982 39 P 0
L 89.60000114 53.07499926 89.60000114 55.40000096 39 P 0
L 89.60000114 55.40000096 90.72500524 56.52500506 39 P 0
L 89.64616564 15.69616876 89.64616564 16.65847316 47 P 0
L 89.64616564 16.65847316 89.69779876 16.71010628 47 P 0
L 89.69779876 16.71010628 89.69779876 17.5514 47 P 0
L 89.70000094 74.6500031 90.10000268 74.6500031 39 P 0
L 89.75687916 7.06676768 89.75687916 8.66252522 50 P 0
L 89.75687916 7.06676768 89.79737946 7.02626738 50 P 0
L 89.75711284 6.23477036 89.75711284 7.066534 50 P 0
L 89.75711284 6.23477036 90.0136884 5.9781948 50 P 0
L 89.7904986 66.39049968 90.00000034 66.60000142 40 P 0
L 89.80000074 64.70000014 96.89999924 64.70000014 39 P 0
L 89.899998 64.0999988 96.50000258 64.0999988 39 P 0
L 89.94398064 48.74398176 90.39999954 49.20000066 39 P 0
L 89.95203752 62.9000012 90.10000014 62.9000012 39 P 0
L 89.97374436 47.3737432 89.97374436 47.97374454 39 P 0
L 89.97374436 47.97374454 90.69999894 48.69999912 39 P 0
L 89.99877098 11.99350408 89.9993755 11.9941086 41 P 0
L 89.9993755 11.9941086 89.9993755 13.04289746 42 P 0
L 89.99998002 10.7435015 89.99998256 10.74349896 40 P 0
L 89.99998256 10.74349896 90.00826296 10.73521856 42 P 0
L 90.00000034 66.60000142 90.00000034 66.80000102 40 P 0
L 90.00000034 76.87500754 90.00000034 77.99999894 39 P 0
L 90.00000034 76.87500754 90.12500136 76.75000652 39 P 0
L 90.00826296 9.52331344 90.00826296 10.73521856 42 P 0
L 90.00826296 9.52331344 90.0165459 9.5150305 42 P 0
L 90.0136884 5.9781948 90.50473644 5.9781948 50 P 0
L 90.05000024 70.70000084 90.10000268 70.75000328 39 P 0
L 90.10000014 70.0999995 90.10000268 70.10000204 39 P 0
L 90.10000268 68.8000021 90.50000442 68.8000021 40 P 0
L 90.10000268 69.45000334 90.17300228 69.52300294 39 P 0
L 90.17300228 69.52300294 91.42300232 69.52300294 39 P 0
L 90.18813814 37.06823168 90.25490458 37.13499812 39 P 0
L 90.19999994 32.80000044 91.72096718 32.80000044 39 P 0
L 90.25700516 7.06674228 90.25700516 8.65494332 50 P 0
L 90.25700516 8.65494332 90.75948066 9.15741882 50 P 0
L 90.26353804 7.90970732 90.50914588 8.15531516 50 P 0
L 90.3478 16.71010628 90.3478 17.5514 47 P 0
L 90.3478 16.71010628 90.4038324 16.65407388 47 P 0
L 90.39999954 19.70000124 90.9977987 19.10220208 39 P 0
L 90.39999954 43.59999916 90.39999954 45.15000622 39 P 0
L 90.39999954 43.59999916 91.99999888 41.99999982 39 P 0
L 90.39999954 49.20000066 92.99999942 49.20000066 39 P 0
L 90.4038324 15.69616876 90.4038324 16.65407388 47 P 0
L 90.4038324 15.69616876 90.49999934 15.60000182 47 P 0
L 90.49449516 14.49995322 90.49449516 14.57773056 47 P 0
L 90.49449516 14.49995322 90.5906621 14.40378628 47 P 0
L 90.50000442 68.8000021 90.88100442 68.4190021 40 P 0
L 90.50473644 5.9781948 90.75034428 6.22380264 50 P 0
L 90.50914588 8.15531516 91.00019392 8.15531516 50 P 0
L 90.5906621 13.70282248 90.5906621 14.40378628 47 P 0
L 90.5906621 13.70282248 90.94998066 13.34350392 47 P 0
L 90.69999894 48.69999912 93.29999882 48.69999912 39 P 0
L 90.69999894 57.4999993 90.83443352 57.4999993 39 P 0
L 90.69999894 59.40000058 90.84796156 59.40000058 39 P 0
L 90.69999894 61.75203804 90.69999894 61.90000066 39 P 0
L 90.69999894 61.75203804 91.28990124 61.16213574 39 P 0
L 90.71637686 7.02626738 90.75034428 6.99229996 50 P 0
L 90.72500524 56.52500506 92.74999992 56.52500506 39 P 0
L 90.75034428 6.22380264 90.75034428 6.99229996 50 P 0
L 90.75948066 9.15741882 90.75948066 9.90625908 50 P 0
L 90.75948066 9.90625908 90.77367926 9.92045768 50 P 0
L 90.77367926 9.92045768 90.77367926 10.5672001 50 P 0
L 90.77367926 10.5672001 90.94998066 10.7435015 50 P 0
L 90.83443352 57.4999993 91.15942652 57.1750063 39 P 0
L 90.84796156 59.40000058 91.23546396 59.78750298 39 P 0
L 90.88100442 68.4190021 91.22029254 68.4190021 40 P 0
L 90.94998066 13.04350198 90.94998066 13.34350392 47 P 0
L 90.9977987 17.5514 90.9977987 19.10220208 39 P 0
L 91.00000088 50.2000012 91.00000088 51.52499982 39 P 0
L 91.00000088 53.07499926 91.10000068 53.17499906 39 P 0
L 91.00019392 8.15531516 91.25676948 7.8987396 50 P 0
L 91.10000068 53.17499906 91.10000068 55.63694232 39 P 0
L 91.10000068 55.63694232 91.33806472 55.87500636 39 P 0
L 91.15942652 57.1750063 92.74999992 57.1750063 39 P 0
L 91.20000048 44.5999997 92.50000042 43.29999976 39 P 0
L 91.22029254 68.4190021 91.63929348 68.00000116 40 P 0
L 91.23546396 59.78750298 92.73750312 59.78750298 39 P 0
L 91.25676948 7.06697596 91.25676948 7.8987396 50 P 0
L 91.25676948 7.06697596 91.25700316 7.06674228 50 P 0
L 91.28990124 60.81009682 91.28990124 61.16213574 39 P 0
L 91.28990124 60.81009682 91.56157456 60.5384235 39 P 0
L 91.33806472 55.87500636 92.74999992 55.87500636 39 P 0
L 91.42300232 69.52300294 91.49999988 69.6000005 39 P 0
L 91.56157456 60.5384235 92.6365813 60.5384235 39 P 0
L 91.63929348 68.00000116 91.66779228 67.97150236 40 P 0
L 91.63929348 68.00000116 92.40000062 68.7607083 40 P 0
L 91.64779994 17.5514 91.64779994 20.1478007 39 P 0
L 91.66779228 66.93221056 91.66779228 67.76779182 40 P 0
L 91.66779228 66.93221056 91.80000182 66.80000102 40 P 0
L 91.66779228 67.76779182 91.66779228 67.97150236 40 P 0
L 91.6750008 76.75000652 91.95950112 76.4655062 40 P 0
L 91.6750008 76.75000652 93.42499984 76.75000652 40 P 0
L 91.72096718 32.80000044 91.7799028 32.74106482 39 P 0
L 91.80000182 45.82500106 94.07500108 45.82500106 39 P 0
L 91.80000182 46.4750023 94.32499804 46.4750023 39 P 0
L 91.80000182 47.125001 94.67499988 47.125001 39 P 0
L 91.80000182 47.77500224 94.72499724 47.77500224 39 P 0
L 91.80000182 66.80000102 93.35000126 66.80000102 40 P 0
L 91.95950112 75.54049916 91.95950112 76.4655062 40 P 0
L 91.95950112 75.54049916 92.40000062 75.09999966 40 P 0
L 91.99999888 35.4000054 91.99999888 41.99999982 39 P 0
L 91.99999888 35.4000054 92.80500616 34.59499812 39 P 0
L 92.27497928 5.2250213 92.27497928 7.0685025 39 P 0
L 92.27497928 5.2250213 92.89999962 4.60000096 39 P 0
L 92.29779864 15.20219972 92.29779864 17.5514 39 P 0
L 92.29779864 15.20219972 93.12554654 14.37445182 39 P 0
L 92.40000062 68.7607083 92.40000062 75.09999966 40 P 0
L 92.50000042 9.49999878 92.54630208 9.45369712 41 P 0
L 92.50000042 36.49999812 92.50000042 43.29999976 39 P 0
L 92.50000042 36.49999812 93.06823398 35.93176456 39 P 0
L 92.54630208 8.77561364 92.54630208 9.45369712 41 P 0
L 92.54630208 8.77561364 92.92507958 8.39683614 41 P 0
L 92.6365813 60.5384235 92.74999992 60.42500488 39 P 0
L 92.73750312 59.78750298 92.74999992 59.77500618 39 P 0
L 92.74999992 52.34999944 92.74999992 55.22500512 39 P 0
L 92.74999992 52.34999944 92.79999982 52.29999954 39 P 0
L 92.74999992 57.825005 92.87340074 57.70160418 39 P 0
L 92.74999992 58.47500624 92.76249672 58.48750304 39 P 0
L 92.74999992 59.12500494 92.87340074 59.24840576 39 P 0
L 92.74999992 61.07500612 94.17500596 61.07500612 39 P 0
L 92.74999992 61.72500482 92.87340074 61.84840564 39 P 0
L 92.74999992 62.37500606 92.8019988 62.37500606 39 P 0
L 92.76249672 58.48750304 94.45306992 58.48750304 39 P 0
L 92.8019988 62.37500606 92.89999962 62.47300688 39 P 0
L 92.80500616 34.59499812 94.98703634 34.59499812 39 P 0
L 92.87340074 57.70160418 93.9639599 57.70160418 39 P 0
L 92.87340074 59.24840576 93.74840534 59.24840576 39 P 0
L 92.87340074 61.84840564 93.57522052 61.84840564 39 P 0
L 92.89999962 4.60000096 97.93299946 4.60000096 39 P 0
L 92.89999962 62.47300688 92.89999962 63.4000002 39 P 0
L 92.9078406 27.20915564 94.21584408 27.20915564 39 P 0
L 92.92507958 7.0685787 92.92507958 8.39683614 41 P 0
L 92.94779988 15.70403006 92.94779988 17.5514 39 P 0
L 92.94779988 15.70403006 93.75051608 14.90131386 39 P 0
L 92.99999942 49.20000066 94.39999916 50.6000004 39 P 0
L 93.06823398 35.93176456 94.9202699 35.93176456 39 P 0
L 93.12554654 13.56908386 93.12554654 14.37445182 39 P 0
L 93.12554654 13.56908386 93.21831496 13.47631544 39 P 0
L 93.19999902 10.59999912 93.20915572 10.60915582 41 P 0
L 93.20915572 10.60915582 93.20915572 11.91715676 41 P 0
L 93.20915572 11.91715676 93.21831496 11.926316 41 P 0
L 93.21831496 13.47631544 94.7183145 13.47631544 39 P 0
L 93.29999882 48.69999912 95.0000005 50.4000008 39 P 0
L 93.29999882 68.7000023 93.29999882 74.70000046 39 P 0
L 93.29999882 68.7000023 93.99999996 68.00000116 39 P 0
L 93.29999882 74.70000046 94.65159886 76.0516005 39 P 0
L 93.32990224 32.74106482 95.94106542 32.74106482 39 P 0
L 93.57522052 61.84840564 94.1319428 62.40512792 39 P 0
L 93.59779858 17.5514 93.59779858 20.1478007 39 P 0
L 93.72492558 7.0685787 93.72492558 7.65943858 41 P 0
L 93.72492558 7.65943858 95.0000005 8.9345135 41 P 0
L 93.74840534 59.24840576 94.9000007 60.40000112 39 P 0
L 93.75051608 14.90131386 95.79331362 14.90131386 39 P 0
L 93.9639599 57.70160418 94.26556458 57.3999995 39 P 0
L 93.99999996 68.00000116 94.6000013 68.00000116 39 P 0
L 94.07500108 45.82500106 96.96600368 42.93399846 39 P 0
L 94.09999976 68.99999916 94.11754862 68.99999916 39 P 0
L 94.09999976 70.60000104 94.17500088 70.67500216 39 P 0
L 94.09999976 72.39999998 94.21756112 72.39999998 39 P 0
L 94.09999976 74.09999912 94.23443434 74.09999912 39 P 0
L 94.11754862 68.99999916 94.56755534 69.45000588 39 P 0
L 94.1319428 62.40512792 94.1319428 62.53193996 39 P 0
L 94.1319428 62.53193996 94.9000007 63.29999786 39 P 0
L 94.17500088 70.67500216 95.72499524 70.67500216 39 P 0
L 94.17500596 61.07500612 94.9000007 61.80000086 39 P 0
L 94.21756112 72.39999998 94.56755534 72.05000576 39 P 0
L 94.22500078 27.19999894 94.24779982 27.1771999 39 P 0
L 94.23443434 74.09999912 94.8860307 73.44840276 39 P 0
L 94.24779982 24.55140124 94.24779982 27.1771999 39 P 0
L 94.26556458 57.3999995 94.39999916 57.3999995 39 P 0
L 94.32499804 46.4750023 97.50000058 43.29999976 39 P 0
L 94.39999916 50.6000004 94.39999916 53.79999908 39 P 0
L 94.39999916 53.79999908 95.2000001 54.60000002 39 P 0
L 94.45306992 58.48750304 94.76556612 58.79999924 39 P 0
L 94.56755534 69.45000588 95.7999989 69.45000588 39 P 0
L 94.56755534 72.05000576 95.7999989 72.05000576 39 P 0
L 94.59999876 43.80015116 94.59999876 43.9000011 40 P 0
L 94.59999876 43.80015116 95.09049816 43.30965176 40 P 0
L 94.6000013 68.00000116 95.1967997 68.59679956 39 P 0
L 94.65159886 76.0516005 94.65159886 76.4266061 39 P 0
L 94.65159886 76.4266061 94.97499928 76.75000652 39 P 0
L 94.67499988 47.125001 98.40000132 43.39999956 39 P 0
L 94.69999856 22.19999878 95.54779976 23.04779998 39 P 0
L 94.7000011 10.59999912 94.7000011 11.9080026 39 P 0
L 94.7000011 11.9080026 94.7183145 11.926316 39 P 0
L 94.72499724 47.77500224 96.50000004 45.99999944 39 P 0
L 94.76556612 58.79999924 94.9000007 58.79999924 39 P 0
L 94.8860307 73.44840276 95.70160184 73.44840276 39 P 0
L 94.9000007 63.29999786 94.9000007 63.3000004 39 P 0
L 94.9202699 35.93176456 94.98703634 35.86499812 39 P 0
L 94.98703634 37.13499812 95.022035 37.09999946 39 P 0
L 94.98703634 38.40499812 95.4622805 38.40499812 39 P 0
L 95.0000005 8.9345135 95.0000005 8.99999978 41 P 0
L 95.0000005 50.4000008 95.0000005 53.59999948 39 P 0
L 95.0000005 53.59999948 95.851599 54.45159798 39 P 0
L 95.022035 37.09999946 96.20000064 37.09999946 39 P 0
L 95.0500004 66.80000102 95.1000003 66.75000112 40 P 0
L 95.09049816 42.95950006 95.09049816 43.30965176 40 P 0
L 95.09049816 42.95950006 95.37499848 42.67499974 40 P 0
L 95.1000003 66.75000112 96.74999954 66.75000112 40 P 0
L 95.1967997 68.5968021 95.3999997 68.8000021 39 P 0
L 95.2000001 54.60000002 95.2000001 57.35000214 39 P 0
L 95.2000001 57.35000214 96.17499942 58.32500146 39 P 0
L 95.37499848 42.67499974 95.3999997 42.67499974 40 P 0
L 95.3999997 41.1250003 95.42499838 41.10000162 39 P 0
L 95.3999997 41.39999848 95.57500062 41.22499756 39 P 0
L 95.3999997 68.8000021 95.80000144 68.8000021 39 P 0
L 95.4622805 38.40499812 95.5999993 38.54271692 39 P 0
L 95.54779976 23.04779998 95.54779976 24.55140124 39 P 0
L 95.57500062 40.92499816 95.5999993 40.89999948 39 P 0
L 95.5999993 38.54271692 95.5999993 40.89999948 40 P 0
L 95.70160184 73.44840276 95.7999989 73.3500057 39 P 0
L 95.72499524 70.67500216 95.7999989 70.75000582 39 P 0
L 95.78415692 27.16584102 95.78415692 28.51715912 39 P 0
L 95.78415692 27.16584102 96.19779846 26.75219948 39 P 0
L 95.79331362 14.90131386 96.29331262 14.40131486 39 P 0
L 95.80000144 74.00000186 95.85000388 73.94999942 39 P 0
L 95.80000144 74.6500031 95.80000144 75.6000012 40 P 0
L 95.80000144 75.6000012 96.40000024 76.2 40 P 0
L 95.80000398 70.0999995 97.20000118 70.0999995 39 P 0
L 95.80000398 71.39999944 97.20000118 71.39999944 39 P 0
L 95.80000398 72.69999938 97.20000118 72.69999938 39 P 0
L 95.85000388 73.94999942 97.15000128 73.94999942 39 P 0
L 95.851599 54.45159798 95.851599 54.80159982 39 P 0
L 95.851599 54.80159982 96.17499942 55.12500024 39 P 0
L 95.94106542 32.74106482 96.89999924 33.69999864 39 P 0
L 96.17499942 55.12500024 96.20000064 55.12500024 39 P 0
L 96.17499942 58.32500146 96.20000064 58.32500146 39 P 0
L 96.19779846 17.5514 96.19779846 20.1478007 39 P 0
L 96.19779846 24.55140124 96.19779846 26.75219948 39 P 0
L 96.20000064 29.49999942 98.70000072 26.99999934 39 P 0
L 96.20000064 37.09999946 96.89999924 36.40000086 39 P 0
L 96.20000064 50.1000014 96.20000064 51.42500002 39 P 0
L 96.20000064 52.97499946 98.29353468 52.97499946 39 P 0
L 96.20000064 55.12500024 96.44499888 54.880002 39 P 0
L 96.20000064 56.67499968 96.27499922 56.6000011 39 P 0
L 96.20000064 58.32500146 97.98371564 58.32500146 39 P 0
L 96.20000064 59.8750009 96.20000064 61.70000106 39 P 0
L 96.20915988 10.60915582 96.20915988 11.9171593 39 P 0
L 96.21831658 13.47631544 96.29331262 13.55131148 39 P 0
L 96.21831658 13.47631544 96.34463332 13.3499987 39 P 0
L 96.27499922 56.6000011 97.40000078 56.6000011 39 P 0
L 96.29331262 13.55131148 96.29331262 14.40131486 39 P 0
L 96.30000044 31.6000003 97.99999958 33.29999944 39 P 0
L 96.30000298 30.30000036 98.63990178 27.96010156 39 P 0
L 96.34463332 13.3499987 97.99999958 13.3499987 41 P 0
L 96.40000024 76.2 96.40000024 77.40000014 40 P 0
L 96.44499888 54.880002 99.27999956 54.880002 39 P 0
L 96.50000004 45.99999944 100.00000066 45.99999944 39 P 0
L 96.50000258 64.0999988 97.25000108 63.3500003 39 P 0
L 96.8477997 17.5514 96.8738982 17.5253015 39 P 0
L 96.8738982 15.52610052 96.8738982 17.5253015 39 P 0
L 96.8738982 15.52610052 96.89999924 15.49999948 39 P 0
L 96.89999924 33.69999864 96.89999924 36.40000086 39 P 0
L 96.89999924 64.70000014 97.91086336 63.68913602 39 P 0
L 96.96600368 40.03399664 96.96600368 42.93399846 39 P 0
L 96.96600368 40.03399664 98.70000072 38.2999996 39 P 0
L 97.15000128 73.94999942 97.20000118 73.89999952 39 P 0
L 97.19999864 21.40000038 98.09999938 22.30000112 39 P 0
L 97.23435468 79.73802188 99.23237456 77.740002 45 P 0
L 97.25000108 59.94999948 97.25000108 63.3500003 39 P 0
L 97.25000108 59.94999948 98.50000112 58.69999944 39 P 0
L 97.50000058 41.99999982 97.50000058 43.29999976 39 P 0
L 97.50000058 41.99999982 98.60000092 40.89999948 39 P 0
L 97.79295148 31.00704746 98.06020012 30.73979882 39 P 0
L 97.91086336 61.88913454 97.91086336 63.68913602 39 P 0
L 97.91086336 61.88913454 98.59999838 61.19999952 39 P 0
L 97.93299946 4.60000096 98.95879878 5.62580028 39 P 0
L 97.98371564 58.32500146 98.8887151 57.420002 39 P 0
L 97.99084288 10.33283938 97.99084288 11.64084286 39 P 0
L 97.99999958 13.3499987 98.05000202 13.40000114 39 P 0
L 97.99999958 33.29999944 101.20000334 33.29999944 39 P 0
L 98.05000202 13.40000114 99.90000086 13.40000114 41 P 0
L 98.06020012 30.73979882 102.66020362 30.73979882 39 P 0
L 98.09999938 22.30000112 98.09999938 24.50360098 39 P 0
L 98.09999938 24.50360098 98.14779964 24.55140124 39 P 0
L 98.29353468 52.97499946 98.92853214 52.340002 39 P 0
L 98.40000132 43.39999956 100.39999986 43.39999956 39 P 0
L 98.50000112 58.69999944 100.10000046 58.69999944 39 P 0
L 98.59999838 61.19999952 99.89999832 61.19999952 39 P 0
L 98.60000092 40.89999948 100.3000026 40.89999948 39 P 0
L 98.63990178 27.96010156 103.5398996 27.96010156 39 P 0
L 98.70000072 26.99999934 103.09999954 26.99999934 39 P 0
L 98.70000072 38.2999996 100.2000028 38.2999996 39 P 0
L 98.8887151 57.420002 99.27999956 57.420002 39 P 0
L 98.92853214 52.340002 99.27999956 52.340002 39 P 0
L 98.95879878 5.62580028 98.9838 5.62580028 39 P 0
L 98.9929567 7.18495642 98.9929567 8.4929599 39 P 0
L 99.23237456 77.740002 99.27999956 77.740002 44 P 0
L 99.27999956 62.500002 99.51665898 62.26334258 39 P 0
L 99.27999956 72.660002 100.9150001 71.02500146 39 P 0
L 99.27999956 75.200002 99.44999668 75.200002 39 P 0
L 99.44999668 75.200002 102.07499778 72.5750009 39 P 0
L 99.51665898 62.26334258 100.48665704 62.26334258 39 P 0
L 99.89999832 61.19999952 101.3000006 59.79999724 39 P 0
L 100.00000066 45.99999944 101.3000006 44.6999995 39 P 0
L 100.10000046 58.69999944 100.79999906 58.00000084 39 P 0
L 100.2000028 38.2999996 101.5000002 37.0000022 39 P 0
L 100.3000026 40.89999948 101.11433422 40.08566786 39 P 0
L 100.39999986 43.39999956 101.9999992 41.80000022 39 P 0
L 100.48665704 62.26334258 101.9999992 60.75000042 39 P 0
L 100.79999906 45.90000218 100.79999906 58.00000084 39 P 0
L 100.79999906 45.90000218 103.75000078 42.95000046 39 P 0
L 100.9150001 71.02500146 102.099999 71.02500146 39 P 0
L 101.11433422 38.38566618 101.11433422 40.08566786 39 P 0
L 101.11433422 38.38566618 102.1999988 37.3000016 39 P 0
L 101.20000334 33.29999944 105.79999922 28.70000356 39 P 0
L 101.3000006 43.65999904 101.3000006 44.6999995 39 P 0
L 101.3000006 43.65999904 102.75000024 42.2099994 39 P 0
L 101.3000006 46.19999904 101.3000006 59.79999724 39 P 0
L 101.3000006 46.19999904 104.49999928 43.00000036 39 P 0
L 101.5000002 34.00000058 101.5000002 37.0000022 39 P 0
L 101.5000002 34.00000058 107.5000009 27.99999988 39 P 0
L 101.9999992 38.75000378 101.9999992 41.80000022 39 P 0
L 101.9999992 38.75000378 104.8300037 35.91999928 39 P 0
L 101.9999992 46.50000352 101.9999992 60.75000042 39 P 0
L 101.9999992 46.50000352 105.48497572 43.015027 39 P 0
L 102.07499778 72.5750009 102.099999 72.5750009 39 P 0
L 102.1999988 34.79999898 102.1999988 37.3000016 39 P 0
L 102.1999988 34.79999898 103.6199985 33.37999928 39 P 0
L 102.66020362 30.73979882 104.90000102 28.50000142 39 P 0
L 102.75000024 39.36465584 102.75000024 42.2099994 39 P 0
L 102.75000024 39.36465584 103.6546568 38.45999928 39 P 0
L 103.5398996 27.96010156 104.10000008 27.40000108 39 P 0
L 103.6199985 33.37999928 107.5000009 33.37999928 39 P 0
L 103.6546568 38.45999928 107.5000009 38.45999928 39 P 0
L 103.75000078 41.24999878 103.75000078 42.95000046 39 P 0
L 104.10000008 18.2000017 104.10000008 27.40000108 39 P 0
L 104.10000008 18.2000017 107.22000146 15.08000032 39 P 0
L 104.24999978 39.99999874 104.24999978 40.14796136 39 P 0
L 104.24999978 40.14796136 104.74999878 40.64796036 39 P 0
L 104.49999928 41.99999982 104.49999928 43.00000036 39 P 0
L 104.49999928 41.99999982 104.74999878 41.75000032 39 P 0
L 104.74999878 40.64796036 104.74999878 41.75000032 39 P 0
L 104.8300037 35.91999928 107.5000009 35.91999928 39 P 0
L 104.90000102 22.70000032 104.90000102 28.50000142 39 P 0
L 105.48497572 42.26502342 105.48497572 43.015027 39 P 0
L 105.48497572 42.26502342 105.49999982 42.24999932 39 P 0
L 105.79999922 19.320002 105.79999922 28.70000356 39 P 0
L 105.79999922 19.320002 107.5000009 17.62000032 39 P 0
L 107.22000146 15.08000032 107.5000009 15.08000032 39 P 0
L 107.5000009 27.78000032 107.5000009 27.99999988 39 P 0
P 2.89999928 76.90000114 59 P 0 0 ;0=43,1=0
P 2.99999908 68.50000016 59 P 0 0 ;0=44,1=0
P 3.99999962 3.99999962 66 P 0 0 ;0=47,1=0
P 5.39999936 76.90000114 59 P 0 0 ;0=43,1=0
P 7.89999944 76.90000114 65 P 0 0 ;0=43,1=0
P 7.99999924 68.50000016 64 P 0 0 ;0=44,1=0
P 8.50000078 12.9499995 7 P 0 0 ;0=7,1=0,2
P 8.50000078 14.49999894 7 P 0 0 ;0=7,1=0,2
P 8.70000038 36.10000146 53 P 0 0 ;0=38,1=0
P 8.70000038 39.10000054 53 P 0 0 ;0=38,1=0
P 8.70000038 42.09999962 53 P 0 0 ;0=38,1=0
P 8.70000038 45.0999987 53 P 0 0 ;0=38,1=0
P 8.99999978 21.19999824 3 P 0 0 ;0=3,1=0,2
P 8.99999978 27.80000028 3 P 0 0 ;0=3,1=0,2
P 10.50000186 12.9499995 11 P 0 0 ;0=11,1=0,2
P 10.50000186 14.49999894 11 P 0 0 ;0=11,1=0,2
P 11.69999946 36.10000146 53 P 0 0 ;0=38,1=0
P 11.69999946 39.10000054 53 P 0 0 ;0=38,1=0
P 11.69999946 42.09999962 53 P 0 0 ;0=38,1=0
P 11.69999946 45.0999987 53 P 0 0 ;0=38,1=0
P 12.68000004 46.38000122 46 P 0 0 ;0=51,1=0
P 12.7 76.90000114 59 P 0 0 ;0=43,1=0
P 12.8999996 63.8999992 59 P 0 0 ;0=44,1=0
P 15.20000008 76.90000114 59 P 0 0 ;0=43,1=0
P 17.70000016 76.90000114 65 P 0 0 ;0=43,1=0
P 17.89999976 63.8999992 64 P 0 0 ;0=44,1=0
P 19.60000144 52.24999964 0 P 0 0 ;0=0,1=0,2
P 19.72499992 23.50000126 17 P 0 0 ;0=18,1=0,2
P 20.7199992 17.71998742 68 P 0 0 ;0=49,1=0
P 21.27499936 23.50000126 17 P 0 0 ;0=18,1=0,2
P 22.40000092 52.24999964 0 P 0 0 ;0=0,1=0,2
P 22.49999818 68.50000016 59 P 0 0 ;0=44,1=0
P 22.49999818 76.90000114 59 P 0 0 ;0=43,1=0
P 23.88999794 12.63998742 68 P 0 0 ;0=49,1=0
P 23.88999794 17.71998742 68 P 0 0 ;0=49,1=0
P 24.1749961 28.74998822 17 P 0 0 ;0=18,1=0,2
P 24.1749961 30.74998676 17 P 0 0 ;0=18,1=0,2
P 24.1749961 32.49998834 2 P 0 0 ;0=2,1=0,2
P 24.99999826 76.90000114 59 P 0 0 ;0=43,1=0
P 25.19999278 36.77498868 20 P 0 0 ;0=21,1=0,2
P 25.19999278 43.22498848 20 P 0 0 ;0=21,1=0,2
P 25.19999278 46.22498756 11 P 0 0 ;0=11,1=0,2
P 25.19999278 47.774987 11 P 0 0 ;0=11,1=0,2
P 25.72499554 28.74998822 17 P 0 0 ;0=18,1=0,2
P 25.72499554 30.74998676 17 P 0 0 ;0=18,1=0,2
P 25.72499554 32.49998834 2 P 0 0 ;0=2,1=0,2
P 26.44999282 36.77498868 20 P 0 0 ;0=21,1=0,2
P 27.3499961 24.49998656 17 P 0 0 ;0=18,1=0,2
P 27.49999834 68.50000016 64 P 0 0 ;0=44,1=0
P 27.49999834 76.90000114 65 P 0 0 ;0=43,1=0
P 27.669998 27.5249894 35 P 0 0 ;0=35,1=0,2
P 27.669998 32.97498866 35 P 0 0 ;0=35,1=0,2
P 27.69999286 36.77498868 20 P 0 0 ;0=21,1=0,2
P 27.69999286 43.22498848 20 P 0 0 ;0=21,1=0,2
P 27.69999794 12.63998742 68 P 0 0 ;0=49,1=0
P 27.69999794 17.71998742 68 P 0 0 ;0=49,1=0
P 28.89999554 24.49998656 17 P 0 0 ;0=18,1=0,2
P 28.939998 27.5249894 35 P 0 0 ;0=35,1=0,2
P 28.939998 32.97498866 35 P 0 0 ;0=35,1=0,2
P 29.72500024 49.99999906 17 P 0 0 ;0=18,1=0,2
P 29.72500024 51.50000114 17 P 0 0 ;0=18,1=0,2
P 29.85000126 48.124999 21 P 0 0 ;0=22,1=0,2
P 30.209998 27.5249894 35 P 0 0 ;0=35,1=0,2
P 30.209998 32.97498866 35 P 0 0 ;0=35,1=0,2
P 30.29999782 24.49998656 17 P 0 0 ;0=18,1=0,2
P 30.44999244 36.77498868 20 P 0 0 ;0=21,1=0,2
P 30.44999244 43.22498848 20 P 0 0 ;0=21,1=0,2
P 30.49999996 45.87499842 21 P 0 0 ;0=22,1=0,2
P 31.1500012 48.124999 21 P 0 0 ;0=22,1=0,2
P 31.27499968 49.99999906 17 P 0 0 ;0=18,1=0,2
P 31.27499968 51.50000114 17 P 0 0 ;0=18,1=0,2
P 31.479998 27.5249894 35 P 0 0 ;0=35,1=0,2
P 31.479998 32.97498866 35 P 0 0 ;0=35,1=0,2
P 31.50999794 12.63998742 68 P 0 0 ;0=49,1=0
P 31.50999794 17.71998742 68 P 0 0 ;0=49,1=0
P 31.69999248 36.77498868 20 P 0 0 ;0=21,1=0,2
P 31.84999726 24.49998656 17 P 0 0 ;0=18,1=0,2
P 32.2999989 76.90000114 59 P 0 0 ;0=43,1=0
P 32.50000104 63.999999 59 P 0 0 ;0=44,1=0
P 32.94999252 36.77498868 20 P 0 0 ;0=21,1=0,2
P 32.94999252 43.22498848 20 P 0 0 ;0=21,1=0,2
P 33.00000004 46.22500026 11 P 0 0 ;0=11,1=0,2
P 33.00000004 47.7749997 11 P 0 0 ;0=11,1=0,2
P 34.17499642 29.49998672 2 P 0 0 ;0=2,1=0,2
P 34.17499642 31.2499883 17 P 0 0 ;0=18,1=0,2
P 34.17499642 32.74998784 2 P 0 0 ;0=2,1=0,2
P 34.67999668 17.71998742 68 P 0 0 ;0=49,1=0
P 34.79999898 76.90000114 59 P 0 0 ;0=43,1=0
P 35.6999921 46.22498756 7 P 0 0 ;0=7,1=0,2
P 35.6999921 47.774987 7 P 0 0 ;0=7,1=0,2
P 35.69999464 36.77498868 20 P 0 0 ;0=21,1=0,2
P 35.69999464 43.22498848 20 P 0 0 ;0=21,1=0,2
P 35.72499586 29.49998672 2 P 0 0 ;0=2,1=0,2
P 35.72499586 31.2499883 17 P 0 0 ;0=18,1=0,2
P 35.72499586 32.74998784 2 P 0 0 ;0=2,1=0,2
P 36.94999468 43.22498848 20 P 0 0 ;0=21,1=0,2
P 37.29999906 76.90000114 65 P 0 0 ;0=43,1=0
P 37.5000012 63.999999 64 P 0 0 ;0=44,1=0
P 37.8000006 46.22500026 11 P 0 0 ;0=11,1=0,2
P 37.8000006 47.7749997 11 P 0 0 ;0=11,1=0,2
P 38.19999472 36.77498868 20 P 0 0 ;0=21,1=0,2
P 38.19999472 43.22498848 20 P 0 0 ;0=21,1=0,2
P 38.32499828 29.24998976 36 P 0 0 ;0=36,1=0,2
P 39.17499658 26.24998814 2 P 0 0 ;0=2,1=0,2
P 39.44999476 32.97498866 7 P 0 0 ;0=7,1=0,2
P 39.44999476 34.5249881 7 P 0 0 ;0=7,1=0,2
P 40.72499602 26.24998814 2 P 0 0 ;0=2,1=0,2
P 41.07499786 29.24998976 36 P 0 0 ;0=36,1=0,2
P 41.1999938 32.97498866 7 P 0 0 ;0=7,1=0,2
P 41.1999938 34.5249881 7 P 0 0 ;0=7,1=0,2
P 41.1999938 46.79998768 15 P 0 0 ;0=16,1=0,2
P 41.1999938 48.49998682 15 P 0 0 ;0=16,1=0,2
P 41.99999982 68.50000016 59 P 0 0 ;0=44,1=0
P 42.09999962 76.90000114 59 P 0 0 ;0=43,1=0
P 44.5999997 76.90000114 59 P 0 0 ;0=43,1=0
P 45.72 13.33998856 68 P 0 0 ;0=49,1=0
P 46.99999998 68.50000016 64 P 0 0 ;0=44,1=0
P 47.09999978 76.90000114 65 P 0 0 ;0=43,1=0
P 47.69999604 30.29998766 61 P 0 0 ;0=46,1=0
P 47.69999604 32.83998766 61 P 0 0 ;0=46,1=0
P 47.69999604 35.37998766 61 P 0 0 ;0=46,1=0
P 47.69999604 42.99998766 61 P 0 0 ;0=46,1=0
P 47.69999604 45.53998766 67 P 0 0 ;0=48,1=0
P 48.88999874 12.6999873 68 P 0 0 ;0=49,1=0
P 48.88999874 17.14998856 68 P 0 0 ;0=49,1=0
P 50.22435218 43.01805214 51 P 0 0
P 50.22435218 47.51805076 51 P 0 0
P 50.22435472 45.26805018 51 P 0 0
P 50.9743583 45.30000338 52 P 0 0
P 51.32498498 45.30000084 26 P 0 0 ;0=26,1=0,2
P 51.90000034 76.90000114 59 P 0 0 ;0=43,1=0
P 52.00000014 63.999999 59 P 0 0 ;0=44,1=0
P 52.2250035 52.00000014 2 P 0 0 ;0=2,1=0,2
P 52.69999874 13.33998856 68 P 0 0 ;0=49,1=0
P 52.69999874 17.14998856 69 P 0 0 ;0=50,1=0
P 53.77500294 52.00000014 2 P 0 0 ;0=2,1=0,2
P 54.40000042 76.90000114 59 P 0 0 ;0=43,1=0
P 56.50999874 12.6999873 68 P 0 0 ;0=49,1=0
P 56.50999874 17.14998856 68 P 0 0 ;0=49,1=0
P 56.9000005 76.90000114 65 P 0 0 ;0=43,1=0
P 57.0000003 63.999999 64 P 0 0 ;0=44,1=0
P 57.38499826 53.49999968 1 P 0 0 ;0=1,1=0,2
P 57.67498498 45.30000084 26 P 0 0 ;0=26,1=0,2
P 58.27561878 45.30000338 52 P 0 0
P 59.27561424 45.26805018 51 P 0 0
P 59.27561678 43.01805214 51 P 0 0
P 59.27561678 47.51805076 51 P 0 0
P 59.50000038 36.6500029 15 P 0 0 ;0=16,1=0,2
P 59.50000038 38.35000204 15 P 0 0 ;0=16,1=0,2
P 60.14999908 49.99999906 9 P 0 0 ;0=9,1=0,2
P 60.80000032 40.50000028 15 P 0 0 ;0=16,1=0,2
P 60.80000032 42.19999942 15 P 0 0 ;0=16,1=0,2
P 60.94999748 6.97998858 68 P 0 0 ;0=49,1=0
P 61.29999932 34.20000018 24 P 0 0 ;0=25,1=0,2
P 61.29999932 36.09999892 24 P 0 0 ;0=25,1=0,2
P 61.49999892 68.50000016 59 P 0 0 ;0=44,1=0
P 61.69999852 76.90000114 59 P 0 0 ;0=43,1=0
P 61.84999822 49.99999906 9 P 0 0 ;0=9,1=0,2
P 62.6150005 53.49999968 1 P 0 0 ;0=1,1=0,2
P 62.72500282 37.94999522 17 P 0 0 ;0=18,1=0,2
P 62.72500282 39.6999968 17 P 0 0 ;0=18,1=0,2
P 63.5 42.49999882 27 P 0 2 ;0=27,1=0,2
P 63.8999992 34.20000018 24 P 0 0 ;0=25,1=0,2
P 63.8999992 35.15000082 24 P 0 0 ;0=25,1=0,2
P 63.8999992 36.09999892 24 P 0 0 ;0=25,1=0,2
P 64.1999986 76.90000114 59 P 0 0 ;0=43,1=0
P 64.27500226 37.94999522 17 P 0 0 ;0=18,1=0,2
P 64.27500226 39.6999968 17 P 0 0 ;0=18,1=0,2
P 64.67499638 41.79999768 12 P 0 2 ;0=14,1=0,2
P 64.67499638 43.19999742 25 P 0 2 ;0=14,1=0,2
P 66.0750012 30.56190738 9 P 0 0 ;0=9,1=0,2
P 66.0750012 32.81190542 9 P 0 0 ;0=9,1=0,2
P 66.14999978 34.8119065 2 P 0 0 ;0=2,1=0,2
P 66.49999908 68.50000016 64 P 0 0 ;0=44,1=0
P 66.59999888 50.09999886 29 P 0 0 ;0=29,1=0,2
P 66.69999868 76.90000114 65 P 0 0 ;0=43,1=0
P 67.20000022 54.40000042 4 P 0 0 ;0=4,1=0,2
P 67.69999922 34.8119065 2 P 0 0 ;0=2,1=0,2
P 67.77500034 30.56190738 9 P 0 0 ;0=9,1=0,2
P 67.77500034 32.81190542 9 P 0 0 ;0=9,1=0,2
P 68.40000036 50.09999886 29 P 0 0 ;0=29,1=0,2
P 69.8000001 43.69999896 63 P 0 0 ;0=45,1=0
P 69.9999997 54.40000042 4 P 0 0 ;0=4,1=0,2
P 70.50000124 13.62499942 5 P 0 0 ;0=5,1=0,2
P 70.50000124 20.37499862 5 P 0 0 ;0=5,1=0,2
P 70.7999981 38.0000002 22 P 0 0 ;0=23,1=0,2
P 71.49999924 63.999999 59 P 0 0 ;0=44,1=0
P 71.49999924 76.90000114 59 P 0 0 ;0=43,1=0
P 71.79999864 50.6000004 28 P 0 0 ;0=28,1=0,2
P 72.30000018 43.69999896 60 P 0 0 ;0=45,1=0
P 72.38499874 28.49999888 1 P 0 0 ;0=1,1=0,2
P 72.49999978 33.49999904 28 P 0 0 ;0=28,1=0,2
P 72.7250006 4.50000116 2 P 0 0 ;0=2,1=0,2
P 72.79999918 54.40000042 28 P 0 0 ;0=28,1=0,2
P 73.34999808 7.12500226 23 P 0 0 ;0=24,1=0,2
P 73.34999808 9.87500184 23 P 0 0 ;0=24,1=0,2
P 73.99999932 76.90000114 59 P 0 0 ;0=43,1=0
P 74.27500004 4.50000116 2 P 0 0 ;0=2,1=0,2
P 74.29999872 7.12500226 23 P 0 0 ;0=24,1=0,2
P 74.29999872 9.87500184 23 P 0 0 ;0=24,1=0,2
P 74.90000006 43.69999896 60 P 0 0 ;0=45,1=0
P 75.24999682 7.12500226 23 P 0 0 ;0=24,1=0,2
P 75.24999682 9.87500184 23 P 0 0 ;0=24,1=0,2
P 75.72499968 20.00000064 17 P 0 0 ;0=18,1=0,2
P 75.72499968 21.50000018 17 P 0 0 ;0=18,1=0,2
P 75.8000008 50.6000004 28 P 0 0 ;0=28,1=0,2
P 76.0000004 12.22499968 11 P 0 0 ;0=11,1=0,2
P 76.0000004 13.77499912 11 P 0 0 ;0=11,1=0,2
P 76.22500122 4.50000116 17 P 0 0 ;0=18,1=0,2
P 76.4999994 63.999999 64 P 0 0 ;0=44,1=0
P 76.4999994 76.90000114 65 P 0 0 ;0=43,1=0
P 76.50000194 33.49999904 28 P 0 0 ;0=28,1=0,2
P 76.80000134 54.40000042 28 P 0 0 ;0=28,1=0,2
P 77.20000054 38.0000002 22 P 0 0 ;0=23,1=0,2
P 77.27499912 20.00000064 17 P 0 0 ;0=18,1=0,2
P 77.27499912 21.50000018 17 P 0 0 ;0=18,1=0,2
P 77.61500098 28.49999888 1 P 0 0 ;0=1,1=0,2
P 77.77500066 4.50000116 17 P 0 0 ;0=18,1=0,2
P 77.79999934 12.22499968 11 P 0 0 ;0=11,1=0,2
P 77.79999934 13.77499912 11 P 0 0 ;0=11,1=0,2
P 79.2250003 20.00000064 17 P 0 0 ;0=18,1=0,2
P 79.2250003 21.50000018 17 P 0 0 ;0=18,1=0,2
P 80.77499974 20.00000064 17 P 0 0 ;0=18,1=0,2
P 80.77499974 21.50000018 17 P 0 0 ;0=18,1=0,2
P 81.49999956 29.480002 54 P 0 0 ;0=39,1=0
P 81.49999956 32.020002 54 P 0 0 ;0=39,1=0
P 81.49999956 34.560002 54 P 0 0 ;0=39,1=0
P 81.49999956 37.100002 54 P 0 0 ;0=39,1=0
P 81.49999956 39.640002 54 P 0 0 ;0=39,1=0
P 81.49999956 42.180002 54 P 0 0 ;0=39,1=0
P 81.49999956 44.720002 54 P 0 0 ;0=39,1=0
P 81.49999956 47.260002 54 P 0 0 ;0=39,1=0
P 81.49999956 49.800002 54 P 0 0 ;0=39,1=0
P 81.49999956 52.340002 54 P 0 0 ;0=39,1=0
P 81.49999956 54.880002 54 P 0 0 ;0=39,1=0
P 81.49999956 57.420002 54 P 0 0 ;0=39,1=0
P 81.49999956 59.960002 54 P 0 0 ;0=39,1=0
P 81.49999956 62.500002 54 P 0 0 ;0=39,1=0
P 81.49999956 65.040002 54 P 0 0 ;0=39,1=0
P 81.49999956 67.580002 54 P 0 0 ;0=39,1=0
P 81.49999956 70.120002 54 P 0 0 ;0=39,1=0
P 81.49999956 72.660002 54 P 0 0 ;0=39,1=0
P 81.49999956 75.200002 54 P 0 0 ;0=39,1=0
P 81.49999956 77.740002 62 P 0 0 ;0=39,1=0
P 82.4000003 5.72499998 11 P 0 0 ;0=11,1=0,2
P 82.4000003 7.27499942 11 P 0 0 ;0=11,1=0,2
P 84.70000078 51.52499982 7 P 0 0 ;0=7,1=0,2
P 84.70000078 53.07499926 7 P 0 0 ;0=7,1=0,2
P 84.81831144 17.90131294 2 P 0 0 ;0=2,1=0,2
P 85.5750003 66.90000082 17 P 0 0 ;0=18,1=0,2
P 85.5750003 68.4000029 17 P 0 0 ;0=18,1=0,2
P 85.5750003 69.90000244 17 P 0 0 ;0=18,1=0,2
P 85.5750003 71.40000198 17 P 0 0 ;0=18,1=0,2
P 85.5750003 72.90000152 17 P 0 0 ;0=18,1=0,2
P 85.5750003 74.40000106 17 P 0 0 ;0=18,1=0,2
P 85.5750003 75.9000006 17 P 0 0 ;0=18,1=0,2
P 85.5750003 77.40000268 17 P 0 0 ;0=18,1=0,2
P 85.68314334 35.23499684 17 P 0 0 ;0=18,1=0,2
P 85.68314334 36.73499638 17 P 0 0 ;0=18,1=0,2
P 85.78314822 38.53499786 25 P 0 0 ;0=14,1=0,2
P 85.78314822 39.9349976 12 P 0 0 ;0=14,1=0,2
P 85.82500488 20.30000258 25 P 0 0 ;0=14,1=0,2
P 85.82500488 21.70000232 12 P 0 0 ;0=14,1=0,2
P 86.00000072 24.49999926 25 P 0 0 ;0=14,1=0,2
P 86.00000072 25.899999 12 P 0 0 ;0=14,1=0,2
P 86.19995968 2.1201253 58 P 0 0 ;0=42,1=0
P 86.19995968 6.3000382 57 P 0 0 ;0=41,1=0
P 86.36831088 17.90131294 2 P 0 0 ;0=2,1=0,2
P 86.49999972 51.70000074 12 P 0 3 ;0=12,1=0,2
P 86.64999942 55.22500512 10 P 0 0 ;0=10,1=0,2
P 86.64999942 55.87500636 10 P 0 0 ;0=10,1=0,2
P 86.64999942 56.52500506 10 P 0 0 ;0=10,1=0,2
P 86.64999942 57.1750063 10 P 0 0 ;0=10,1=0,2
P 86.64999942 57.825005 10 P 0 0 ;0=10,1=0,2
P 86.64999942 58.47500624 10 P 0 0 ;0=10,1=0,2
P 86.64999942 59.12500494 10 P 0 0 ;0=10,1=0,2
P 86.64999942 59.77500618 10 P 0 0 ;0=10,1=0,2
P 86.64999942 60.42500488 10 P 0 0 ;0=10,1=0,2
P 86.64999942 61.07500612 10 P 0 0 ;0=10,1=0,2
P 86.64999942 61.72500482 10 P 0 0 ;0=10,1=0,2
P 86.64999942 62.37500606 10 P 0 0 ;0=10,1=0,2
P 86.9581446 39.23499646 27 P 0 0 ;0=27,1=0,2
P 87.00000126 21.00000118 27 P 0 0 ;0=27,1=0,2
P 87.12499974 66.90000082 17 P 0 0 ;0=18,1=0,2
P 87.12499974 68.4000029 17 P 0 0 ;0=18,1=0,2
P 87.12499974 69.90000244 17 P 0 0 ;0=18,1=0,2
P 87.12499974 71.40000198 17 P 0 0 ;0=18,1=0,2
P 87.12499974 72.90000152 17 P 0 0 ;0=18,1=0,2
P 87.12499974 74.40000106 17 P 0 0 ;0=18,1=0,2
P 87.12499974 75.9000006 17 P 0 0 ;0=18,1=0,2
P 87.12499974 77.40000268 17 P 0 0 ;0=18,1=0,2
P 87.1749971 25.19999786 27 P 0 0 ;0=27,1=0,2
P 87.20000086 52.87499712 27 P 0 3 ;0=30,1=0,2
P 87.23314278 35.23499684 17 P 0 0 ;0=18,1=0,2
P 87.23314278 36.73499638 17 P 0 0 ;0=18,1=0,2
P 87.32496378 7.0684771 19 P 0 0 ;0=20,1=0,2
P 87.400003 45.82500106 6 P 0 0 ;0=6,1=0,2
P 87.400003 46.4750023 6 P 0 0 ;0=6,1=0,2
P 87.400003 47.125001 6 P 0 0 ;0=6,1=0,2
P 87.400003 47.77500224 6 P 0 0 ;0=6,1=0,2
P 87.89999946 51.70000074 25 P 0 3 ;0=12,1=0,2
P 88.12496218 7.0684136 31 P 0 0 ;0=32,1=0,2
P 88.77485928 7.0685025 33 P 0 0 ;0=33,1=0,2
P 88.9999998 42.42500024 7 P 0 0 ;0=7,1=0,2
P 88.9999998 43.97499968 7 P 0 0 ;0=7,1=0,2
P 89.04997938 10.7435015 18 P 0 0 ;0=19,1=0,2
P 89.04997938 13.04350198 18 P 0 0 ;0=19,1=0,2
P 89.27498528 7.0685025 33 P 0 0 ;0=33,1=0,2
P 89.60000114 51.52499982 11 P 0 0 ;0=11,1=0,2
P 89.60000114 53.07499926 11 P 0 0 ;0=11,1=0,2
P 89.69779876 17.5514 14 P 0 0 ;0=15,1=0,2
P 89.69779876 24.55140124 14 P 0 0 ;0=15,1=0,2
P 89.77485728 7.0685279 33 P 0 0 ;0=33,1=0,2
P 89.99998002 10.7435015 18 P 0 0 ;0=19,1=0,2
P 89.99998002 13.04350198 18 P 0 0 ;0=19,1=0,2
P 90.00000034 66.80000102 29 P 0 0 ;0=29,1=0,2
P 90.10000268 68.8000021 8 P 0 0 ;0=8,1=0,2
P 90.10000268 69.45000334 8 P 0 0 ;0=8,1=0,2
P 90.10000268 70.10000204 8 P 0 0 ;0=8,1=0,2
P 90.10000268 70.75000328 8 P 0 0 ;0=8,1=0,2
P 90.10000268 71.40000198 8 P 0 0 ;0=8,1=0,2
P 90.10000268 72.05000322 8 P 0 0 ;0=8,1=0,2
P 90.10000268 72.70000192 8 P 0 0 ;0=8,1=0,2
P 90.10000268 73.35000316 8 P 0 0 ;0=8,1=0,2
P 90.10000268 74.00000186 8 P 0 0 ;0=8,1=0,2
P 90.10000268 74.6500031 8 P 0 0 ;0=8,1=0,2
P 90.12500136 76.75000652 2 P 0 0 ;0=2,1=0,2
P 90.25490458 34.59499812 13 P 0 0 ;0=13,1=0,2
P 90.25490458 35.86499812 13 P 0 0 ;0=13,1=0,2
P 90.25490458 37.13499812 13 P 0 0 ;0=13,1=0,2
P 90.25490458 38.40499812 37 P 0 0 ;0=37,1=0,2
P 90.27498328 7.0685025 33 P 0 0 ;0=33,1=0,2
P 90.3478 17.5514 14 P 0 0 ;0=15,1=0,2
P 90.3478 24.55140124 14 P 0 0 ;0=15,1=0,2
P 90.77485528 7.0685279 33 P 0 0 ;0=33,1=0,2
P 90.94998066 10.7435015 18 P 0 0 ;0=19,1=0,2
P 90.94998066 13.04350198 18 P 0 0 ;0=19,1=0,2
P 90.9977987 17.5514 14 P 0 0 ;0=15,1=0,2
P 90.9977987 24.55140124 14 P 0 0 ;0=15,1=0,2
P 91.00000088 51.52499982 11 P 0 0 ;0=11,1=0,2
P 91.00000088 53.07499926 11 P 0 0 ;0=11,1=0,2
P 91.27498128 7.0685025 33 P 0 0 ;0=33,1=0,2
P 91.64779994 17.5514 14 P 0 0 ;0=15,1=0,2
P 91.64779994 24.55140124 14 P 0 0 ;0=15,1=0,2
P 91.6750008 76.75000652 2 P 0 0 ;0=2,1=0,2
P 91.77459928 7.0685025 33 P 0 0 ;0=33,1=0,2
P 91.7799028 32.74106482 17 P 0 0 ;0=18,1=0,2
P 91.80000182 45.82500106 6 P 0 0 ;0=6,1=0,2
P 91.80000182 46.4750023 6 P 0 0 ;0=6,1=0,2
P 91.80000182 47.125001 6 P 0 0 ;0=6,1=0,2
P 91.80000182 47.77500224 6 P 0 0 ;0=6,1=0,2
P 91.80000182 66.80000102 29 P 0 0 ;0=29,1=0,2
P 92.27497928 7.0685025 33 P 0 0 ;0=33,1=0,2
P 92.29779864 17.5514 14 P 0 0 ;0=15,1=0,2
P 92.29779864 24.55140124 14 P 0 0 ;0=15,1=0,2
P 92.74999992 55.22500512 10 P 0 0 ;0=10,1=0,2
P 92.74999992 55.87500636 10 P 0 0 ;0=10,1=0,2
P 92.74999992 56.52500506 10 P 0 0 ;0=10,1=0,2
P 92.74999992 57.1750063 10 P 0 0 ;0=10,1=0,2
P 92.74999992 57.825005 10 P 0 0 ;0=10,1=0,2
P 92.74999992 58.47500624 10 P 0 0 ;0=10,1=0,2
P 92.74999992 59.12500494 10 P 0 0 ;0=10,1=0,2
P 92.74999992 59.77500618 10 P 0 0 ;0=10,1=0,2
P 92.74999992 60.42500488 10 P 0 0 ;0=10,1=0,2
P 92.74999992 61.07500612 10 P 0 0 ;0=10,1=0,2
P 92.74999992 61.72500482 10 P 0 0 ;0=10,1=0,2
P 92.74999992 62.37500606 10 P 0 0 ;0=10,1=0,2
P 92.79999982 52.29999954 30 P 0 0 ;0=31,1=0,2
P 92.92507958 7.0685787 32 P 0 0 ;0=17,1=0,2
P 92.94779988 17.5514 14 P 0 0 ;0=15,1=0,2
P 92.94779988 24.55140124 14 P 0 0 ;0=15,1=0,2
P 93.21831496 11.926316 11 P 0 0 ;0=11,1=0,2
P 93.21831496 13.47631544 11 P 0 0 ;0=11,1=0,2
P 93.32990224 32.74106482 17 P 0 0 ;0=18,1=0,2
P 93.35000126 66.80000102 9 P 0 0 ;0=9,1=0,2
P 93.42499984 76.75000652 17 P 0 0 ;0=18,1=0,2
P 93.59779858 17.5514 14 P 0 0 ;0=15,1=0,2
P 93.59779858 24.55140124 14 P 0 0 ;0=15,1=0,2
P 93.72492558 7.0685787 16 P 0 0 ;0=17,1=0,2
P 94.22500078 27.19999894 2 P 0 0 ;0=2,1=0,2
P 94.24779982 17.5514 14 P 0 0 ;0=15,1=0,2
P 94.24779982 24.55140124 14 P 0 0 ;0=15,1=0,2
P 94.7183145 11.926316 11 P 0 0 ;0=11,1=0,2
P 94.7183145 13.47631544 11 P 0 0 ;0=11,1=0,2
P 94.84987888 2.1201253 58 P 0 0 ;0=42,1=0
P 94.84987888 6.3000382 57 P 0 0 ;0=41,1=0
P 94.89779852 17.5514 14 P 0 0 ;0=15,1=0,2
P 94.89779852 24.55140124 14 P 0 0 ;0=15,1=0,2
P 94.97499928 76.75000652 17 P 0 0 ;0=18,1=0,2
P 94.98703634 34.59499812 13 P 0 0 ;0=13,1=0,2
P 94.98703634 35.86499812 13 P 0 0 ;0=13,1=0,2
P 94.98703634 37.13499812 13 P 0 0 ;0=13,1=0,2
P 94.98703634 38.40499812 13 P 0 0 ;0=13,1=0,2
P 95.0500004 66.80000102 9 P 0 0 ;0=9,1=0,2
P 95.3999997 41.1250003 7 P 0 0 ;0=7,1=0,2
P 95.3999997 42.67499974 7 P 0 0 ;0=7,1=0,2
P 95.54779976 17.5514 14 P 0 0 ;0=15,1=0,2
P 95.54779976 24.55140124 14 P 0 0 ;0=15,1=0,2
P 95.77500022 27.19999894 2 P 0 0 ;0=2,1=0,2
P 95.80000144 68.8000021 8 P 0 0 ;0=8,1=0,2
P 95.80000144 69.45000334 8 P 0 0 ;0=8,1=0,2
P 95.80000144 70.10000204 8 P 0 0 ;0=8,1=0,2
P 95.80000144 70.75000328 8 P 0 0 ;0=8,1=0,2
P 95.80000144 71.40000198 8 P 0 0 ;0=8,1=0,2
P 95.80000144 72.05000322 8 P 0 0 ;0=8,1=0,2
P 95.80000144 72.70000192 8 P 0 0 ;0=8,1=0,2
P 95.80000144 73.35000316 8 P 0 0 ;0=8,1=0,2
P 95.80000144 74.00000186 8 P 0 0 ;0=8,1=0,2
P 95.80000144 74.6500031 8 P 0 0 ;0=8,1=0,2
P 96.19779846 17.5514 14 P 0 0 ;0=15,1=0,2
P 96.19779846 24.55140124 14 P 0 0 ;0=15,1=0,2
P 96.20000064 51.42500002 7 P 0 0 ;0=7,1=0,2
P 96.20000064 52.97499946 7 P 0 0 ;0=7,1=0,2
P 96.20000064 55.12500024 11 P 0 0 ;0=11,1=0,2
P 96.20000064 56.67499968 11 P 0 0 ;0=11,1=0,2
P 96.20000064 58.32500146 11 P 0 0 ;0=11,1=0,2
P 96.20000064 59.8750009 11 P 0 0 ;0=11,1=0,2
P 96.21831658 11.926316 7 P 0 0 ;0=7,1=0,2
P 96.21831658 13.47631544 7 P 0 0 ;0=7,1=0,2
P 96.8477997 17.5514 14 P 0 0 ;0=15,1=0,2
P 96.8477997 24.55140124 14 P 0 0 ;0=15,1=0,2
P 97.4977984 17.5514 14 P 0 0 ;0=15,1=0,2
P 97.4977984 24.55140124 14 P 0 0 ;0=15,1=0,2
P 97.99999958 11.64999956 15 P 0 0 ;0=16,1=0,2
P 97.99999958 13.3499987 15 P 0 0 ;0=16,1=0,2
P 98.14779964 17.5514 14 P 0 0 ;0=15,1=0,2
P 98.14779964 24.55140124 34 P 0 0 ;0=34,1=0,2
P 98.9838 5.62580028 11 P 0 0 ;0=11,1=0,2
P 98.9838 7.17579972 11 P 0 0 ;0=11,1=0,2
P 99.27999956 29.480002 54 P 0 0 ;0=39,1=0
P 99.27999956 32.020002 54 P 0 0 ;0=39,1=0
P 99.27999956 34.560002 54 P 0 0 ;0=39,1=0
P 99.27999956 37.100002 54 P 0 0 ;0=39,1=0
P 99.27999956 39.640002 54 P 0 0 ;0=39,1=0
P 99.27999956 42.180002 54 P 0 0 ;0=39,1=0
P 99.27999956 44.720002 54 P 0 0 ;0=39,1=0
P 99.27999956 47.260002 54 P 0 0 ;0=39,1=0
P 99.27999956 49.800002 54 P 0 0 ;0=39,1=0
P 99.27999956 52.340002 54 P 0 0 ;0=39,1=0
P 99.27999956 54.880002 54 P 0 0 ;0=39,1=0
P 99.27999956 57.420002 54 P 0 0 ;0=39,1=0
P 99.27999956 59.960002 54 P 0 0 ;0=39,1=0
P 99.27999956 62.500002 54 P 0 0 ;0=39,1=0
P 99.27999956 65.040002 54 P 0 0 ;0=39,1=0
P 99.27999956 67.580002 54 P 0 0 ;0=39,1=0
P 99.27999956 70.120002 54 P 0 0 ;0=39,1=0
P 99.27999956 72.660002 54 P 0 0 ;0=39,1=0
P 99.27999956 75.200002 54 P 0 0 ;0=39,1=0
P 99.27999956 77.740002 54 P 0 0 ;0=39,1=0
P 102.25000124 71.22500106 7 P 0 0 ;0=7,1=0,2
P 102.25000124 72.7750005 7 P 0 0 ;0=7,1=0,2
P 103.49999874 10.00000032 56 P 0 0 ;0=40,1=0
P 103.49999874 12.54000032 55 P 0 0 ;0=40,1=0
P 103.49999874 47.45999906 56 P 0 0 ;0=40,1=0
P 103.49999874 49.99999906 55 P 0 0 ;0=40,1=0
P 107.5000009 10.00000032 56 P 0 0 ;0=40,1=0
P 107.5000009 12.54000032 55 P 0 0 ;0=40,1=0
P 107.5000009 15.08000032 55 P 0 0 ;0=40,1=0
P 107.5000009 17.62000032 55 P 0 0 ;0=40,1=0
P 107.5000009 20.16000032 55 P 0 0 ;0=40,1=0
P 107.5000009 22.70000032 55 P 0 0 ;0=40,1=0
P 107.5000009 25.24000032 55 P 0 0 ;0=40,1=0
P 107.5000009 27.78000032 55 P 0 0 ;0=40,1=0
P 107.5000009 30.83999928 56 P 0 0 ;0=40,1=0
P 107.5000009 33.37999928 55 P 0 0 ;0=40,1=0
P 107.5000009 35.91999928 55 P 0 0 ;0=40,1=0
P 107.5000009 38.45999928 55 P 0 0 ;0=40,1=0
P 107.5000009 40.99999928 55 P 0 0 ;0=40,1=0
P 107.5000009 44.83999922 56 P 0 0 ;0=40,1=0
P 107.5000009 47.37999922 55 P 0 0 ;0=40,1=0
P 107.5000009 49.91999922 55 P 0 0 ;0=40,1=0
P 107.5000009 52.45999922 55 P 0 0 ;0=40,1=0
P 107.5000009 54.99999922 55 P 0 0 ;0=40,1=0
P 107.5000009 58.79999924 56 P 0 0 ;0=40,1=0
P 107.5000009 61.33999924 55 P 0 0 ;0=40,1=0
P 107.5000009 63.87999924 55 P 0 0 ;0=40,1=0
P 107.5000009 66.41999924 55 P 0 0 ;0=40,1=0
P 107.5000009 68.95999924 55 P 0 0 ;0=40,1=0
P 107.5000009 71.49999924 55 P 0 0 ;0=40,1=0
S P 0
OB 1.00092256 1.23863354 I
OC 1.00000054 1.24819664 1.0495407 1.24814584 Y
OS 1.00000054 13.42547226
OC 1.05000044 13.47546962 1.0499979 13.42546972 Y
OS 7.69650226 13.47547216
OC 7.74599416 13.42581516 7.69599172 13.42546972 Y
OS 7.74599924 13.2039995
OS 9.25400232 13.2039995
OS 9.25400232 13.42499982
OS 9.25399978 13.42582024
OC 9.30399714 13.47546708 9.30399714 13.42546718 Y
OS 9.75021926 13.47547216
OC 9.79951558 13.417169 9.75021926 13.42547988 Y
OC 9.79600022 13.37499992 10.050145 13.3750431 N
OS 9.79600022 13.2039995
OS 11.2040035 13.2039995
OS 11.2040035 13.37499992
OC 11.20040178 13.41759572 10.94952598 13.37493388 N
OC 11.24977938 13.47546708 11.24977684 13.42546718 Y
OS 13.40847204 13.47547216
OC 13.4584694 13.42547226 13.4084695 13.42547226 Y
OS 13.45847194 1.05000044
OC 13.40847204 1.00000308 13.40847204 1.05000044 Y
OS 1.24819664 1.00000054
OC 1.23862846 1.00091748 1.24816616 1.05008426 Y
OS 1.19572786 1.00945696
OC 1.18701312 1.01209094 1.20572276 1.05826306 Y
OS 1.14631216 1.02895654
OC 1.138301 1.03323136 1.1658219 1.07516422 Y
OS 1.10162594 1.05773982
OC 1.09478318 1.06333798 1.13008918 1.09950504 Y
OS 1.06333798 1.09478318
OC 1.05773982 1.10162594 1.0991977 1.1298301 Y
OS 1.0332339 1.13830354
OC 1.028954 1.14630962 1.07470956 1.16560854 Y
OS 1.01209602 1.1870182
OC 1.00945188 1.19572278 1.05806494 1.20572276 Y
OS 1.00092256 1.23863354
OE
OB 7.74599924 12.47499918 H
OC 7.99999924 12.22099918 7.99999924 12.47499918 N
OS 8.24600078 12.22099918
OS 8.24600078 12.6959995
OS 7.74599924 12.6959995
OS 7.74599924 12.47499918
OE
OB 8.75400078 12.22099918 H
OS 9.00000232 12.22099918
OC 9.25400232 12.47499918 9.00000232 12.47499918 N
OS 9.25400232 12.6959995
OS 8.75400078 12.6959995
OS 8.75400078 12.22099918
OE
OB 9.79600022 12.52499908 H
OC 10.05000022 12.27099908 10.05000022 12.52499908 N
OS 10.24600186 12.27099908
OS 10.24600186 12.6959995
OS 9.79600022 12.6959995
OS 9.79600022 12.52499908
OE
OB 10.75400186 12.27099908 H
OS 10.9500035 12.27099908
OC 11.2040035 12.52499908 10.9500035 12.52499908 N
OS 11.2040035 12.6959995
OS 10.75400186 12.6959995
OS 10.75400186 12.27099908
OE
SE
S P 0
OB 1.75000158 56.04999966 I
OS 1.74999904 62.34999976
OC 1.79999894 62.39999712 1.7999964 62.34999722 Y
OS 72.64999948 62.39999966
OC 72.69999684 62.34999976 72.64999694 62.34999976 Y
OS 72.69999938 56.04999966
OC 72.64999948 56.0000023 72.64999948 56.04999966 Y
OS 68.69999976 55.99999976
OS 68.69999976 52.45800278
OC 68.64999986 52.40800542 68.64999986 52.45800278 Y
OS 67.5785161 52.40800288
OC 67.5731694 52.40796478 67.5787701 51.9970893 N
OC 67.15827818 52.2171041 67.57849578 51.85000552 N
OC 67.12062268 52.19999974 67.12062014 52.25000472 Y
OS 65.65000078 52.19999974
OC 65.60000342 52.24999964 65.65000078 52.2499971 Y
OS 65.60000088 55.99999976
OS 59.14646286 55.99999976
OS 59.14646286 50.7500001
OC 59.09646296 50.70000274 59.09646296 50.7500001 Y
OS 53.55000212 50.7000002
OC 53.50000476 50.7500001 53.55000212 50.74999756 Y
OS 53.50000222 51.1959987
OC 53.52100294 51.23672506 53.54999196 51.1959987 Y
OS 53.52100294 52.76327014
OC 53.50000222 52.80400158 53.54998688 52.80399396 Y
OS 53.50000222 55.99999976
OS 20.00000064 55.99999976
OS 20.00000064 53.40400038
OC 19.95000074 53.35400302 19.95000074 53.40400038 Y
OS 19.85400144 53.35400048
OS 19.85400144 51.1459988
OS 19.95000074 51.1459988
OC 19.9999981 51.0959989 19.9499982 51.0959989 Y
OS 20.00000064 45.30000084
OC 19.95000074 45.25000348 19.95000074 45.30000084 Y
OS 18.39999876 45.25000094
OS 18.39999876 29.54999932
OC 18.34999886 29.50000196 18.34999886 29.54999932 Y
OS 8.04999914 29.49999942
OC 8.00000178 29.54999932 8.04999914 29.54999678 Y
OS 7.99999924 33.95000068
OC 8.04999914 33.99999804 8.0499966 33.94999814 Y
OS 10.10000012 34.00000058
OS 10.10000012 55.99999976
OS 1.79999894 55.99999976
OC 1.75000158 56.04999966 1.79999894 56.04999712 Y
OE
OB 10.65131982 35.84600146 H
OC 11.44599692 35.05132182 11.69999438 36.09999638 N
OS 11.44599946 35.84600146
OS 10.65131982 35.84600146
OE
OB 10.65131728 36.35400146 H
OS 11.44599946 36.35400146
OS 11.44599946 37.14867602
OC 10.65131728 36.35400146 11.700002 36.09999384 N
OE
OB 10.65131982 38.84600054 H
OC 11.44599692 38.0513209 11.69999438 39.09999546 N
OS 11.44599946 38.84600054
OS 10.65131982 38.84600054
OE
OB 10.65131728 39.35400054 H
OS 11.44599946 39.35400054
OS 11.44599946 40.1486751
OC 10.65131728 39.35400054 11.700002 39.09999292 N
OE
OB 10.65131982 41.84599962 H
OC 11.44599692 41.05131998 11.69999438 42.09999454 N
OS 11.44599946 41.84599962
OS 10.65131982 41.84599962
OE
OB 10.65131728 42.35399962 H
OS 11.44599946 42.35399962
OS 11.44599946 43.14867418
OC 10.65131728 42.35399962 11.700002 42.099992 N
OE
OB 10.65131982 44.8459987 H
OC 11.44599692 44.05131906 11.69999438 45.09999362 N
OS 11.44599946 44.8459987
OS 10.65131982 44.8459987
OE
OB 10.65131982 45.35399362 H
OS 12.74867148 45.35399616
OC 12.68114812 45.54896656 11.69991564 45.0999733 N
OC 12.72392934 45.6192636 12.72680716 45.56934498 Y
OC 11.93414936 46.22394108 12.68000004 46.37999868 N
OC 11.8771797 46.1643476 11.8852061 46.21370234 Y
OC 10.65131982 45.35399362 11.69999946 45.09998854 N
OE
OB 11.95399946 35.05131928 H
OC 12.74867402 35.84600146 11.69999184 36.100004 N
OS 11.95399946 35.84600146
OS 11.95399946 35.05131928
OE
OB 11.95399946 36.35400146 H
OS 12.74867402 36.35400146
OC 11.95399946 37.14867602 11.69999946 36.10000146 N
OS 11.95399946 36.35400146
OE
OB 11.95399946 38.05131836 H
OC 12.74867402 38.84600054 11.69999184 39.10000308 N
OS 11.95399946 38.84600054
OS 11.95399946 38.05131836
OE
OB 11.95399946 39.35400054 H
OS 12.74867402 39.35400054
OC 11.95399946 40.1486751 11.69999946 39.10000054 N
OS 11.95399946 39.35400054
OE
OB 11.95399946 41.05131744 H
OC 12.74867402 41.84599962 11.69999184 42.10000216 N
OS 11.95399946 41.84599962
OS 11.95399946 41.05131744
OE
OB 11.95399946 42.35399962 H
OS 12.74867402 42.35399962
OC 11.95399946 43.14867418 11.69999946 42.09999962 N
OS 11.95399946 42.35399962
OE
OB 11.95399946 44.05131652 H
OC 12.74867402 44.8459987 11.69999184 45.10000124 N
OS 11.95399946 44.8459987
OS 11.95399946 44.05131652
OE
OB 18.796 51.3999988 H
OC 19.05 51.1459988 19.05 51.3999988 N
OS 19.34600144 51.1459988
OS 19.34600144 51.99599964
OS 18.796 51.99599964
OS 18.796 51.3999988
OE
OB 18.796 52.50399964 H
OS 19.34600144 52.50399964
OS 19.34600144 53.35400048
OS 19.05 53.35400048
OC 18.796 53.10000048 19.05 53.10000048 N
OS 18.796 52.50399964
OE
OB 54.02900294 51.2459986 H
OS 54.25000326 51.2459986
OC 54.50400326 51.4999986 54.25000326 51.4999986 N
OS 54.50400326 51.74600014
OS 54.02900294 51.74600014
OS 54.02900294 51.2459986
OE
OB 54.02900294 52.25400014 H
OS 54.50400326 52.25400014
OS 54.50400326 52.50000168
OC 54.25000326 52.75400168 54.25000326 52.50000168 N
OS 54.02900294 52.75400168
OS 54.02900294 52.25400014
OE
OB 56.2409975 51.7499981 H
OC 56.4949975 51.4959981 56.4949975 51.7499981 N
OS 56.87699826 51.4959981
OS 56.87699826 52.99199968
OS 56.2409975 52.99199968
OS 56.2409975 51.7499981
OE
OB 56.2409975 54.00799968 H
OS 56.87699826 54.00799968
OS 56.87699826 55.50400126
OS 56.4949975 55.50400126
OC 56.2409975 55.25000126 56.4949975 55.25000126 N
OS 56.2409975 54.00799968
OE
OB 57.89299826 51.4959981 H
OS 58.27499902 51.4959981
OC 58.52899902 51.7499981 58.27499902 51.7499981 N
OS 58.52899902 52.99199968
OS 57.89299826 52.99199968
OS 57.89299826 51.4959981
OE
OB 57.89299826 54.00799968 H
OS 58.52899902 54.00799968
OS 58.52899902 55.25000126
OC 58.27499902 55.50400126 58.27499902 55.25000126 N
OS 57.89299826 55.50400126
OS 57.89299826 54.00799968
OE
OB 66.44599868 53.49999968 H
OC 66.69999868 53.24599968 66.69999868 53.49999968 N
OS 66.94600022 53.24599968
OS 66.94600022 54.14600042
OS 66.44599868 54.14600042
OS 66.44599868 53.49999968
OE
OB 66.44599868 54.65400042 H
OS 66.94600022 54.65400042
OS 66.94600022 55.55400116
OS 66.69999868 55.55400116
OC 66.44599868 55.30000116 66.69999868 55.30000116 N
OS 66.44599868 54.65400042
OE
OB 67.45400022 53.24599968 H
OS 67.70000176 53.24599968
OC 67.95400176 53.49999968 67.70000176 53.49999968 N
OS 67.95400176 54.14600042
OS 67.45400022 54.14600042
OS 67.45400022 53.24599968
OE
OB 67.45400022 54.65400042 H
OS 67.95400176 54.65400042
OS 67.95400176 55.30000116
OC 67.70000176 55.55400116 67.70000176 55.30000116 N
OS 67.45400022 55.55400116
OS 67.45400022 54.65400042
OE
OB 66.70000376 17.84143244 I
OS 66.70000122 22.45170516
OC 66.700654 22.45978744 66.75033386 22.45169246 Y
OC 66.7079946 22.54999808 66.15023854 22.549993 N
OS 66.70799968 25.64249888
OC 66.75752968 25.69199332 66.75799704 25.64199088 Y
OS 70.45167774 25.6919984
OC 70.76755722 25.7911727 70.4500115 26.24993734 N
OC 70.79592648 25.79999412 70.79591632 25.74999676 Y
OS 72.84999908 25.7999992
OC 72.89999644 25.7499993 72.84999654 25.7499993 Y
OS 72.89999898 24.10000514
OS 74.18535074 22.81464068
OC 74.19998876 22.77928642 74.15003458 22.77930928 Y
OS 74.19999384 17.84143244
OC 74.14999648 17.79143508 74.14999648 17.84143244 Y
OS 66.75000112 17.79143254
OC 66.70000376 17.84143244 66.75000112 17.8414299 Y
OE
OB 67.47100044 19.49374816 H
OC 68.01875144 18.94599716 68.01875144 19.49374816 N
OS 69.86500124 18.94599716
OS 69.86500124 19.73999862
OS 67.47100044 19.73999862
OS 67.47100044 19.49374816
OE
OB 67.47100044 21.00999862 H
OS 69.86500124 21.00999862
OS 69.86500124 21.80400008
OS 68.01875144 21.80400008
OC 67.47100044 21.25624908 68.01875144 21.25624908 N
OS 67.47100044 21.00999862
OE
OB 71.13500124 18.94599716 H
OS 72.98125104 18.94599716
OC 73.52900204 19.49374816 72.98125104 19.49374816 N
OS 73.52900204 19.73999862
OS 71.13500124 19.73999862
OS 71.13500124 18.94599716
OE
OB 71.13500124 21.00999862 H
OS 73.52900204 21.00999862
OS 73.52900204 21.25624908
OC 72.98125104 21.80400008 72.98125104 21.25624908 N
OS 71.13500124 21.80400008
OS 71.13500124 21.00999862
OE
SE
S P 0
OB 35.24999554 25.0000008 I
OC 35.19999564 25.0500007 35.24999554 25.0500007 Y
OS 35.19999564 28.69598528
OC 35.24999554 28.74598518 35.24999554 28.69598528 Y
OS 35.47099586 28.74598518
OS 35.47099586 30.25398826
OS 35.24999554 30.25398826
OC 35.19999564 30.30398816 35.24999554 30.30398816 Y
OS 35.19999564 30.50012442
OC 35.25821752 30.5494436 35.24999554 30.50012442 Y
OC 35.29999544 30.54598666 35.30001068 30.80033972 N
OS 36.14999628 30.54598666
OC 36.29289922 30.58999978 36.14999628 30.79998158 N
OC 36.3899831 30.71678642 36.15000136 30.79998412 N
OC 36.43707724 30.7499893 36.43707724 30.6999894 Y
OS 37.19599876 30.7499893
OC 37.24599866 30.6999894 37.19599876 30.6999894 Y
OS 37.24599866 29.75798976
OS 38.32499828 29.75798976
OS 38.32499828 29.24998976
OS 38.83299828 29.24998976
OS 38.83299828 27.49599022
OS 39.1499979 27.49599022
OC 39.4039979 27.74999022 39.1499979 27.74999022 N
OS 39.4039979 29.69998886
OC 39.4539978 29.74998876 39.4539978 29.69998886 Y
OS 39.6499969 29.74998876
OC 39.6999968 29.69998886 39.6499969 29.69998886 Y
OS 39.6999968 27.05398958
OC 39.6499969 27.00398968 39.6499969 27.05398958 Y
OS 39.42899658 27.00398968
OS 39.42899658 25.4959866
OS 39.6499969 25.4959866
OC 39.6999968 25.4459867 39.6499969 25.4459867 Y
OS 39.6999968 25.0500007
OC 39.6499969 25.0000008 39.6499969 25.0500007 Y
OS 35.24999554 25.0000008
OE
OB 35.97899586 28.74598518 H
OS 36.19999618 28.74598518
OC 36.45399618 28.99998518 36.19999618 28.99998518 N
OS 36.45399618 29.24598672
OS 35.97899586 29.24598672
OS 35.97899586 28.74598518
OE
OB 35.97899586 29.75398672 H
OS 36.45399618 29.75398672
OS 36.45399618 29.99998826
OC 36.19999618 30.25398826 36.19999618 29.99998826 N
OS 35.97899586 30.25398826
OS 35.97899586 29.75398672
OE
OB 37.24599866 27.74999022 H
OC 37.49999866 27.49599022 37.49999866 27.74999022 N
OS 37.81699828 27.49599022
OS 37.81699828 28.74198976
OS 37.24599866 28.74198976
OS 37.24599866 27.74999022
OE
OB 38.44599626 25.7499866 H
OC 38.69999626 25.4959866 38.69999626 25.7499866 N
OS 38.92099658 25.4959866
OS 38.92099658 25.99598814
OS 38.44599626 25.99598814
OS 38.44599626 25.7499866
OE
OB 38.44599626 26.50398814 H
OS 38.92099658 26.50398814
OS 38.92099658 27.00398968
OS 38.69999626 27.00398968
OC 38.44599626 26.74998968 38.69999626 26.74998968 N
OS 38.44599626 26.50398814
OE
OB 38.9999982 35.25398842 I
OC 38.9499983 35.30398832 38.9999982 35.30398832 Y
OS 38.9499983 38.48598602
OC 38.9999982 38.53598592 38.9999982 38.48598602 Y
OS 52.73739008 38.53598592
OC 52.78738998 38.48598602 52.73739008 38.48598602 Y
OS 52.78738998 34.3359867
OC 52.73739008 34.2859868 52.73739008 34.3359867 Y
OS 42.00399524 34.2859868
OC 41.95399534 34.3359867 42.00399524 34.3359867 Y
OS 41.95399534 34.99998842
OC 41.69999534 35.25398842 41.69999534 34.99998842 N
OS 41.4539938 35.25398842
OS 41.4539938 34.5249881
OS 40.9459938 34.5249881
OS 40.9459938 35.25398842
OS 40.69999226 35.25398842
OC 40.44599226 34.99998842 40.69999226 34.99998842 N
OS 40.44599226 34.3359867
OC 40.39599236 34.2859868 40.39599236 34.3359867 Y
OS 40.2539962 34.2859868
OC 40.2039963 34.3359867 40.2539962 34.3359867 Y
OS 40.2039963 34.99998842
OC 39.9499963 35.25398842 39.9499963 34.99998842 N
OS 39.70399476 35.25398842
OS 39.70399476 34.5249881
OS 39.19599476 34.5249881
OS 39.19599476 35.25398842
OS 38.9999982 35.25398842
OE
OB 46.83866426 35.12598766 H
OC 47.44599604 34.51865588 47.70000112 35.37999274 N
OS 47.44599604 35.12598766
OS 46.83866426 35.12598766
OE
OB 46.83866426 35.63398766 H
OS 47.44599604 35.63398766
OS 47.44599604 36.24131436
OC 46.83866426 35.63398766 47.69999096 35.37998766 N
OE
OB 47.95399604 34.51865588 H
OC 48.56132274 35.12598766 47.69999604 35.37998258 N
OS 47.95399604 35.12598766
OS 47.95399604 34.51865588
OE
OB 47.95399604 35.63398766 H
OS 48.56132274 35.63398766
OC 47.95399604 36.24131436 47.7000062 35.37999782 N
OS 47.95399604 35.63398766
OE
SE
S P 0
OB 38.49999666 31.20782938 I
OC 38.44999676 31.25782928 38.49999666 31.25782928 Y
OS 38.44999676 33.44998898
OC 38.49999666 33.49998888 38.49999666 33.44998898 Y
OS 38.64599332 33.49998888
OC 38.69599322 33.44998898 38.64599332 33.44998898 Y
OS 38.69599322 33.22898866
OS 40.2039963 33.22898866
OS 40.2039963 33.44998898
OC 40.2539962 33.49998888 40.2539962 33.44998898 Y
OS 40.39599236 33.49998888
OC 40.44599226 33.44998898 40.39599236 33.44998898 Y
OS 40.44599226 33.22898866
OS 41.95399534 33.22898866
OS 41.95399534 33.44998898
OC 42.00399524 33.49998888 42.00399524 33.44998898 Y
OS 46.97431804 33.49998888
OC 47.01259076 33.4178148 46.97431804 33.44998898 Y
OC 48.38727686 33.41795196 47.6999935 32.83998766 N
OC 48.4256715 33.49998888 48.4256715 33.44998644 Y
OS 49.39999518 33.49998888
OC 49.44999508 33.44998898 49.39999518 33.44998898 Y
OS 49.44999508 25.0500007
OC 49.39999518 25.0000008 49.39999518 25.0500007 Y
OS 40.4999952 25.0000008
OC 40.4499953 25.0500007 40.4999952 25.0500007 Y
OS 40.4499953 25.4459867
OC 40.47099602 25.4867156 40.49998758 25.44598924 Y
OS 40.47099602 27.01325814
OC 40.4499953 27.05398958 40.4999952 27.05398958 Y
OS 40.4499953 27.44599032
OC 40.4999952 27.49599022 40.4999952 27.44599032 Y
OS 40.56699786 27.49599022
OS 40.56699786 31.0039893
OS 40.4999952 31.0039893
OC 40.4499953 31.0539892 40.4999952 31.0539892 Y
OS 40.4499953 31.20782938
OS 38.49999666 31.20782938
OE
OB 38.69599322 32.49998834 H
OC 38.94999322 32.24598834 38.94999322 32.49998834 N
OS 39.19599476 32.24598834
OS 39.19599476 32.72098866
OS 38.69599322 32.72098866
OS 38.69599322 32.49998834
OE
OB 39.70399476 32.24598834 H
OS 39.9499963 32.24598834
OC 40.2039963 32.49998834 39.9499963 32.49998834 N
OS 40.2039963 32.72098866
OS 39.70399476 32.72098866
OS 39.70399476 32.24598834
OE
OB 40.44599226 32.49998834 H
OC 40.69999226 32.24598834 40.69999226 32.49998834 N
OS 40.9459938 32.24598834
OS 40.9459938 32.72098866
OS 40.44599226 32.72098866
OS 40.44599226 32.49998834
OE
OB 40.97899602 25.4959866 H
OS 41.19999634 25.4959866
OC 41.45399634 25.7499866 41.19999634 25.7499866 N
OS 41.45399634 25.99598814
OS 40.97899602 25.99598814
OS 40.97899602 25.4959866
OE
OB 40.97899602 26.50398814 H
OS 41.45399634 26.50398814
OS 41.45399634 26.74998968
OC 41.19999634 27.00398968 41.19999634 26.74998968 N
OS 40.97899602 27.00398968
OS 40.97899602 26.50398814
OE
OB 41.4539938 32.24598834 H
OS 41.69999534 32.24598834
OC 41.95399534 32.49998834 41.69999534 32.49998834 N
OS 41.95399534 32.72098866
OS 41.4539938 32.72098866
OS 41.4539938 32.24598834
OE
OB 41.58299786 27.49599022 H
OS 41.89999748 27.49599022
OC 42.15399748 27.74999022 41.89999748 27.74999022 N
OS 42.15399748 28.74198976
OS 41.58299786 28.74198976
OS 41.58299786 27.49599022
OE
OB 41.58299786 29.75798976 H
OS 42.15399748 29.75798976
OS 42.15399748 30.7499893
OC 41.89999748 31.0039893 41.89999748 30.7499893 N
OS 41.58299786 31.0039893
OS 41.58299786 29.75798976
OE
OB 44.83999668 28.40342554 H
OC 44.83999668 28.09655036 45.44999292 28.24998922 N
OC 44.83999668 28.40342554 45.44999546 28.24998922 N
OE
OB 46.83866426 30.04598766 H
OC 47.44599604 29.43865588 47.70000112 30.29999274 N
OS 47.44599604 30.04598766
OS 46.83866426 30.04598766
OE
OB 46.83866426 30.55398766 H
OS 47.44599604 30.55398766
OS 47.44599604 31.1613169
OC 46.85011204 30.58999978 47.6999935 30.29998512 N
OC 46.83866426 30.55398766 47.70477124 30.29848906 N
OE
OB 47.95399604 29.43865588 H
OC 48.56132274 30.04598766 47.69999604 30.29998258 N
OS 47.95399604 30.04598766
OS 47.95399604 29.43865588
OE
OB 47.95399604 30.55398766 H
OS 48.56132274 30.55398766
OC 48.54987496 30.58999724 47.70562976 30.30179868 N
OC 47.95399604 31.16131436 47.70000366 30.29999528 N
OS 47.95399604 30.55398766
OE
SE
S P 0
OB 39.9499963 41.79998498 I
OS 39.94999376 42.4915203
OC 40.0331305 42.52896244 39.99999366 42.4915203 Y
OC 40.0329019 43.47080714 40.44999784 42.99998512 N
OC 39.94999376 43.50845248 39.99999112 43.50844994 Y
OS 39.94999376 47.44998892
OC 39.99999366 47.49998628 39.99999112 47.44998638 Y
OS 40.17202278 47.49998882
OC 40.22184996 47.44587666 40.1720177 47.44998638 Y
OC 40.22099398 47.4249877 40.47588298 47.42500294 N
OS 40.22099398 47.05398768
OS 42.17899362 47.05398768
OS 42.17899362 47.4249877
OC 42.178097 47.44621448 41.92505458 47.42489372 N
OC 42.22795974 47.4999812 42.22795466 47.44997876 Y
OS 48.49999952 47.49998882
OS 48.49999698 48.45011646
OC 48.54999434 48.49999952 48.5499918 48.45000216 Y
OS 51.4499987 48.49999952
OC 51.49999606 48.44999962 51.44999616 48.44999962 Y
OS 51.4999986 45.85400024
OC 51.4499987 45.80400288 51.4499987 45.85400024 Y
OS 51.07498548 45.80400034
OC 50.82101088 45.55400084 51.07498294 45.54999272 N
OS 51.32498498 45.55400084
OS 51.32498498 45.04600084
OS 50.82101596 45.04600084
OC 51.07498548 44.79600134 51.07498294 45.0499988 N
OS 51.4499987 44.79600134
OC 51.49999606 44.74600144 51.44999616 44.74600144 Y
OS 51.4999986 41.79998752
OC 51.4499987 41.74999016 51.4499987 41.79998752 Y
OS 39.99999366 41.74998762
OC 39.9499963 41.79998498 39.99998858 41.7999799 Y
OE
OB 40.22099398 46.17498766 H
OC 40.47499398 45.92098766 40.47499398 46.17498766 N
OS 40.9459938 45.92098766
OS 40.9459938 46.54598768
OS 40.22099398 46.54598768
OS 40.22099398 46.17498766
OE
OB 41.4539938 45.92098766 H
OS 41.92499362 45.92098766
OC 42.17899362 46.17498766 41.92499362 46.17498766 N
OS 42.17899362 46.54598768
OS 41.4539938 46.54598768
OS 41.4539938 45.92098766
OE
OB 42.8209964 42.99998766 H
OC 44.07899744 42.99998766 43.44999692 42.99998766 N
OC 42.8209964 42.99998766 43.44999692 42.99998766 N
OE
OB 46.80199428 42.99998766 H
OC 48.5979978 42.99998766 47.69999604 42.99998766 N
OC 46.80199428 42.99998766 47.69999604 42.99998766 N
OE
OB 46.80199428 44.8959859 H
OC 47.05599428 44.6419859 47.05599428 44.8959859 N
OS 47.44599604 44.6419859
OS 47.44599604 45.28598766
OS 46.80199428 45.28598766
OS 46.80199428 44.8959859
OE
OB 46.80199428 45.79398766 H
OS 47.44599604 45.79398766
OS 47.44599604 46.43798942
OS 47.05599428 46.43798942
OC 46.80199428 46.18398942 47.05599428 46.18398942 N
OS 46.80199428 45.79398766
OE
OB 47.95399604 44.6419859 H
OS 48.3439978 44.6419859
OC 48.5979978 44.8959859 48.3439978 44.8959859 N
OS 48.5979978 45.28598766
OS 47.95399604 45.28598766
OS 47.95399604 44.6419859
OE
OB 47.95399604 45.79398766 H
OS 48.5979978 45.79398766
OS 48.5979978 46.18398942
OC 48.3439978 46.43798942 48.3439978 46.18398942 N
OS 47.95399604 46.43798942
OS 47.95399604 45.79398766
OE
SE
S P 0
OB 5.5000017 14.04999984 I
OS 5.49999916 20.51245326
OC 5.597398 20.52835874 5.54999652 20.51245072 Y
OC 5.64257698 20.42999978 6.07865688 20.68986972 N
OC 6.07899978 20.18199926 6.07898962 20.68998402 N
OS 7.0459981 20.18199926
OC 7.09599546 20.13199936 7.04599556 20.13199936 Y
OS 7.095998 19.9999981
OC 7.349998 19.7459981 7.349998 19.9999981 N
OS 8.74599978 19.7459981
OS 8.74599978 21.19999824
OS 9.25399978 21.19999824
OS 9.25399978 19.7459981
OS 10.65000156 19.7459981
OC 10.90400156 19.9999981 10.65000156 19.9999981 N
OS 10.90400156 20.13199936
OC 10.95400146 20.18199672 10.95399892 20.13199682 Y
OS 11.92099978 20.18199926
OC 12.3574175 20.42999978 11.92099724 20.6899891 N
OC 12.42899216 20.68999418 11.92106074 20.68997894 N
OS 12.42899978 28.30999926
OC 11.92099978 28.81799926 11.92099978 28.30999926 N
OS 10.95400146 28.81799926
OC 10.9040041 28.86799916 10.95400146 28.86799662 Y
OS 10.90400156 28.8936303
OC 10.95360014 28.94362004 10.95399384 28.89362522 Y
OS 14.35999668 28.97087932
OS 17.00007014 28.99199942
OS 17.95050004 28.99199942
OC 17.99999194 28.9420681 17.94999458 28.94200206 Y
OS 17.99999702 27.50716368
OC 17.98579588 27.47262984 17.9500403 27.50751928 Y
OS 14.48221894 23.9690529
OC 14.35999668 23.82152716 15.19962924 23.25029894 N
OC 14.183995 23.24998652 15.19997976 23.24998906 N
OS 14.183995 14.04999984
OC 14.1339951 14.00000248 14.1339951 14.04999984 Y
OS 11.25297216 13.99999994
OC 11.20311196 14.05374126 11.25296708 14.04999476 Y
OC 11.20399842 14.07499344 10.95023464 14.07496296 N
OS 11.2040035 14.24599894
OS 9.79600022 14.24599894
OS 9.79600022 14.07499852
OC 9.79685366 14.05410448 10.05105432 14.07495026 N
OC 9.74702902 13.99999994 9.74702394 14.0499973 Y
OS 9.30400222 13.99999994
OC 9.25400486 14.04999984 9.30400222 14.0499973 Y
OS 9.25400232 14.24599894
OS 7.74599924 14.24599894
OS 7.74599924 14.04999984
OC 7.69599934 14.00000248 7.69599934 14.04999984 Y
OS 5.54999906 13.99999994
OC 5.5000017 14.04999984 5.54999906 14.0499973 Y
OE
OB 7.74599924 14.75399894 H
OS 8.24600078 14.75399894
OS 8.24600078 15.22899926
OS 7.99999924 15.22899926
OC 7.74599924 14.97499926 7.99999924 14.97499926 N
OS 7.74599924 14.75399894
OE
OB 8.75400078 14.75399894 H
OS 9.25400232 14.75399894
OS 9.25400232 14.97499926
OC 9.00000232 15.22899926 9.00000232 14.97499926 N
OS 8.75400078 15.22899926
OS 8.75400078 14.75399894
OE
OB 9.79600022 14.75399894 H
OS 10.24600186 14.75399894
OS 10.24600186 15.17899936
OS 10.05000022 15.17899936
OC 9.79600022 14.92499936 10.05000022 14.92499936 N
OS 9.79600022 14.75399894
OE
OB 10.75400186 14.75399894 H
OS 11.2040035 14.75399894
OS 11.2040035 14.92499936
OC 10.9500035 15.17899936 10.9500035 14.92499936 N
OS 10.75400186 15.17899936
OS 10.75400186 14.75399894
OE
OB 22.00000172 42.54999618 I
OS 21.99999918 51.0959989
OC 22.04999908 51.14599626 22.04999654 51.09599636 Y
OS 22.14600092 51.1459988
OS 22.14600092 53.35400048
OS 22.04999908 53.35400048
OC 22.00000172 53.40400038 22.04999908 53.40399784 Y
OS 21.99999918 55.44199986
OC 22.04999908 55.49199722 22.04999654 55.44199732 Y
OS 52.94200232 55.49199976
OC 52.99199968 55.44199986 52.94199978 55.44199986 Y
OS 52.99200222 52.80400158
OC 52.99934028 52.71378586 53.55008086 52.80400158 N
OC 52.99999306 52.70570612 52.95084152 52.7058001 Y
OS 52.99999814 52.67296806
OC 52.90893914 52.644421 52.94999316 52.67296552 Y
OC 52.70000128 52.75399406 52.70000382 52.5000093 N
OS 52.4790035 52.75400168
OS 52.4790035 51.2459986
OS 52.70000382 51.2459986
OC 52.90887818 51.35547768 52.70000128 51.49999606 N
OC 52.99999814 51.32702968 52.9499957 51.32702714 Y
OS 53.00000068 51.29430686
OC 52.99935552 51.28631602 52.95036908 51.29429162 Y
OC 52.99199968 51.19767764 53.54987004 51.19600378 N
OS 52.99200222 50.7500001
OC 52.99933774 50.6597793 53.550058 50.74996454 N
OC 52.99999306 50.6517021 52.95080342 50.65177576 Y
OS 52.99999814 49.54999996
OC 52.95000078 49.5000026 52.95000078 49.54999996 Y
OS 48.00000052 49.50000006
OS 48.00000052 48.54834334
OC 47.99936298 48.54041346 47.95031304 48.54834588 Y
OC 47.9919919 48.45050254 48.5501061 48.45000216 N
OS 47.99199444 48.05798872
OC 47.94199708 48.00799136 47.94199708 48.05798872 Y
OS 42.22899352 48.00798882
OC 42.17899616 48.05798872 42.22899352 48.05798618 Y
OS 42.17899362 48.24598682
OS 40.22099398 48.24598682
OS 40.22099398 48.05798872
OC 40.17099408 48.00799136 40.17099408 48.05798872 Y
OS 39.99999366 48.00798882
OC 39.99464696 48.00795326 40.00005208 47.59707524 N
OC 39.91585108 48.00160326 39.99987174 47.4510481 N
OC 39.8639284 48.02861108 39.90859938 48.05107738 Y
OC 38.79538596 48.125507 39.2999976 47.74999848 N
OC 38.75595754 48.10559848 38.75546478 48.15557044 Y
OS 38.55400214 48.10560102
OC 38.50400478 48.15560092 38.55400214 48.15559838 Y
OS 38.50400224 48.20000012
OC 38.25000224 48.45400012 38.25000224 48.20000012 N
OS 37.34999896 48.45400012
OC 37.22913814 48.42340328 37.3499888 48.2000306 N
OC 37.15560006 48.46751546 37.20559996 48.46751546 Y
OS 37.15560006 52.75595494
OC 37.17550604 52.79538082 37.20559488 52.75544948 Y
OC 36.42449154 52.79538336 36.80000006 53.29999754 N
OC 36.44439498 52.7559524 36.39439 52.75544694 Y
OS 36.44440006 48.48370034
OC 36.36257142 48.4451406 36.39440016 48.48370034 Y
OC 36.19999364 48.5039797 36.20001904 48.25002288 N
OS 35.9539921 48.50398732
OS 35.9539921 47.774987
OS 35.4459921 47.774987
OS 35.4459921 48.50398732
OS 35.19999056 48.50398732
OC 34.94599056 48.24998732 35.19999056 48.24998732 N
OS 34.94599056 47.87899238
OC 34.84660798 47.87114886 34.89599066 47.87899238 Y
OC 34.6799916 48.20929906 34.2249887 47.774987 N
OC 33.7832827 48.2228017 34.22499378 47.77500224 N
OC 33.69928998 48.24869446 33.74831198 48.25853696 Y
OC 33.44999914 48.45399504 33.45000422 48.19999758 N
OS 32.5499984 48.45400012
OC 32.2959984 48.20000012 32.5499984 48.20000012 N
OS 32.2959984 47.34999928
OC 32.5499984 47.09599928 32.5499984 47.34999928 N
OS 33.45000168 47.09599928
OC 33.6992595 47.30116524 33.45000422 47.34999166 N
OC 33.78341224 47.32706308 33.7483069 47.2914599 Y
OC 34.67999414 47.34069018 34.22499632 47.77500732 N
OC 34.8465775 47.67866004 34.22499632 47.77499208 N
OC 34.94598802 47.67100448 34.89598558 47.67100448 Y
OS 34.94599056 47.29998668
OC 35.15891876 47.04932678 35.19999056 47.29998668 N
OC 35.15891876 46.95064524 35.15083648 46.99998474 Y
OC 34.95052192 46.74777798 35.19998294 46.69998788 N
OC 34.86855866 46.71949254 34.90141356 46.75718614 Y
OC 34.67999414 46.83542068 34.44996412 46.2499583 N
OC 34.67999668 45.66454418 34.44998698 46.24998116 N
OC 34.86380124 45.7762737 34.44999714 46.24996084 N
OC 34.94617598 45.74020824 34.89621418 45.7381991 Y
OC 35.19999056 45.49598724 35.19998294 45.74998216 N
OS 35.29439474 45.49598724
OC 35.3443921 45.44598734 35.2943922 45.44598734 Y
OS 35.34439464 44.34310664
OC 35.3080447 44.29500412 35.29439474 44.34310156 Y
OC 35.12099402 44.0499881 35.37498894 44.0499881 N
OS 35.12099402 42.54999872
OC 35.07099412 42.50000136 35.07099412 42.54999872 Y
OS 33.57899304 42.49999882
OC 33.52899568 42.54999872 33.57899304 42.54999618 Y
OS 33.52899314 44.0499881
OC 33.34193738 44.29500158 33.2749906 44.04998048 N
OC 33.30559252 44.34310664 33.35559242 44.34309902 Y
OS 33.30559252 45.49599994
OC 33.35559242 45.5459973 33.35558988 45.4959974 Y
OS 33.45000168 45.54599984
OC 33.70400168 45.79999984 33.45000168 45.79999984 N
OS 33.70400168 46.65000068
OC 33.45000168 46.90400068 33.45000168 46.65000068 N
OS 32.5499984 46.90400068
OC 32.2959984 46.65000068 32.5499984 46.65000068 N
OS 32.2959984 46.28059832
OC 32.2459985 46.23060096 32.2459985 46.28059832 Y
OS 31.05399936 46.23059842
OC 31.004002 46.28059832 31.05399936 46.28059578 Y
OS 31.00399946 46.34999874
OC 30.74999946 46.60399874 30.74999946 46.34999874 N
OS 30.25000046 46.60399874
OC 29.99600046 46.34999874 30.25000046 46.34999874 N
OS 29.99600046 45.3999981
OC 30.25000046 45.1459981 30.25000046 45.3999981 N
OS 30.74999946 45.1459981
OC 31.00399946 45.3999981 30.74999946 45.3999981 N
OS 31.00399946 45.46939852
OC 31.05399936 45.51939588 31.05399682 45.46939598 Y
OS 32.54439262 45.51939842
OC 32.59438998 45.46939852 32.54439008 45.46939852 Y
OS 32.59439252 44.34310664
OC 32.55804258 44.29500412 32.54439262 44.34310156 Y
OC 32.3709919 44.0499881 32.62498682 44.0499881 N
OS 32.3709919 42.54999872
OC 32.320992 42.50000136 32.320992 42.54999872 Y
OS 31.07899296 42.49999882
OC 31.0289956 42.54999872 31.07899296 42.54999618 Y
OS 31.02899306 42.97098848
OS 29.87099182 42.97098848
OS 29.87099182 42.54999872
OC 29.82099192 42.50000136 29.82099192 42.54999872 Y
OS 28.32899338 42.49999882
OC 28.27899602 42.54999872 28.32899338 42.54999618 Y
OS 28.27899348 44.0499881
OC 28.0921079 44.29495332 28.0250011 44.04998556 N
OC 28.05559794 44.34310664 28.1055953 44.34309648 Y
OS 28.05559794 44.65545298
OC 28.07572998 44.69555196 28.10560038 44.65545044 Y
OC 27.32455038 44.69534114 27.69999794 45.20000104 N
OC 27.3443954 44.6559559 27.29439296 44.65545298 Y
OS 27.34439794 44.34310918
OC 27.30791592 44.29496856 27.29440058 44.34310156 Y
OC 27.12099224 44.0499881 27.37499224 44.04998302 N
OS 27.12099224 42.54999872
OC 27.07099234 42.50000136 27.07099234 42.54999872 Y
OS 25.8289933 42.49999882
OC 25.77899594 42.54999872 25.8289933 42.54999618 Y
OS 25.7789934 44.0499881
OC 25.59193764 44.29500158 25.52499086 44.04998048 N
OC 25.55559278 44.34310664 25.60559268 44.34309902 Y
OS 25.55559278 45.49598724
OC 25.60559268 45.5459846 25.60559014 45.4959847 Y
OS 25.64999442 45.54598714
OC 25.90399442 45.79998714 25.64999442 45.79998714 N
OS 25.90399442 46.64998798
OC 25.64999442 46.90398798 25.64999442 46.64998798 N
OS 24.74999114 46.90398798
OC 24.51999668 46.75777542 24.74998606 46.64999306 N
OC 24.49599114 46.64998798 24.7499632 46.64999052 N
OS 24.49599114 45.79998714
OC 24.5199916 45.69219208 24.74999114 45.79996936 N
OC 24.74999114 45.54598714 24.74997844 45.79997952 N
OS 24.79439288 45.54598714
OC 24.84439024 45.49598724 24.79439034 45.49598724 Y
OS 24.84439278 44.34310664
OC 24.80804284 44.29500412 24.79439288 44.34310156 Y
OC 24.62099216 44.0499881 24.87498708 44.0499881 N
OS 24.62099216 42.54999872
OC 24.57099226 42.50000136 24.57099226 42.54999872 Y
OS 22.04999908 42.49999882
OC 22.00000172 42.54999618 22.049994 42.5499911 Y
OE
OB 22.65400092 51.1459988 H
OS 22.95000236 51.1459988
OC 23.20400236 51.3999988 22.95000236 51.3999988 N
OS 23.20400236 51.99599964
OS 22.65400092 51.99599964
OS 22.65400092 51.1459988
OE
OB 22.65400092 52.50399964 H
OS 23.20400236 52.50399964
OS 23.20400236 53.10000048
OC 22.95000236 53.35400048 22.95000236 53.10000048 N
OS 22.65400092 53.35400048
OS 22.65400092 52.50399964
OE
OB 24.49599114 47.34998658 H
OC 24.51999414 47.24219406 24.7499886 47.3499815 N
OC 24.74999114 47.09598658 24.74998098 47.34997896 N
OS 25.64999442 47.09598658
OC 25.90399442 47.34998658 25.64999442 47.34998658 N
OS 25.90399442 48.19998742
OC 25.64999442 48.45398742 25.64999442 48.19998742 N
OS 25.6056003 48.45398742
OC 25.55560294 48.50398732 25.6056003 48.50398478 Y
OS 25.5556004 48.75595532
OC 25.57550638 48.7953812 25.60559522 48.75544986 Y
OC 24.82449188 48.79538374 25.2000004 49.29999792 N
OC 24.84439532 48.75595278 24.79439034 48.75544732 Y
OS 24.8444004 48.50398732
OC 24.7944005 48.45398996 24.7944005 48.50398732 Y
OS 24.74999114 48.45398742
OC 24.51999668 48.30777486 24.74998606 48.1999925 N
OC 24.49599114 48.19998742 24.7499632 48.19998996 N
OS 24.49599114 47.34998658
OE
OB 28.70455016 51.87558586 H
OC 27.98195826 50.90999724 28.1999944 51.50000114 N
OC 28.41803308 50.90999724 28.19999186 51.49997066 N
OC 28.7045527 51.12441134 28.1999944 51.50000114 N
OC 28.74454246 51.14439606 28.74453484 51.09440378 Y
OS 28.99599992 51.14440114
OC 29.04599728 51.09440124 28.99599738 51.09440124 Y
OS 29.04599982 51.0499995
OC 29.08806222 50.90999724 29.30000744 51.0499995 N
OC 29.25892548 50.7993396 29.29999474 51.0499995 N
OC 29.25892802 50.70065806 29.2508432 50.74999756 Y
OC 29.04599982 50.4500007 29.29999728 50.4500007 N
OS 29.04599982 50.25399906
OS 30.40400066 50.25399906
OS 30.40400066 50.4500007
OC 30.19091244 50.70068092 30.15000066 50.44999816 N
OC 30.19091498 50.79930912 30.1991522 50.74999248 Y
OC 30.36193064 50.90999978 30.14998542 51.04999696 N
OC 30.40399304 51.04999442 30.15002606 51.0499868 N
OS 30.40400066 51.95000278
OC 30.15000066 52.20400278 30.15000066 51.95000278 N
OS 29.29999982 52.20400278
OC 29.04599982 51.95000278 29.29999982 51.95000278 N
OS 29.04599982 51.90560104
OC 28.99599992 51.85560368 28.99599992 51.90560104 Y
OS 28.744545 51.85560114
OC 28.70455016 51.87558586 28.744545 51.90560358 Y
OE
OB 29.04599982 49.54999742 H
OC 29.29999982 49.29599742 29.29999982 49.54999742 N
OS 29.47100024 49.29599742
OS 29.47100024 49.74599906
OS 29.04599982 49.74599906
OS 29.04599982 49.54999742
OE
OB 29.34600176 47.64999868 H
OC 29.59599872 47.39602916 29.60000176 47.64999868 N
OS 29.59600126 47.870999
OS 29.34600176 47.870999
OS 29.34600176 47.64999868
OE
OB 29.34600176 48.378999 H
OS 29.59600126 48.378999
OS 29.59600126 48.85396376
OC 29.34600176 48.59999932 29.59999922 48.59999932 N
OS 29.34600176 48.378999
OE
OB 29.87099182 43.47898848 H
OS 30.19599244 43.47898848
OS 30.19599244 44.3039881
OS 30.12499182 44.3039881
OC 29.87099182 44.0499881 30.12499182 44.0499881 N
OS 29.87099182 43.47898848
OE
OB 29.97900024 49.29599742 H
OS 30.15000066 49.29599742
OC 30.40400066 49.54999742 30.15000066 49.54999742 N
OS 30.40400066 49.74599906
OS 29.97900024 49.74599906
OS 29.97900024 49.29599742
OE
OB 30.10400126 47.39602662 H
OC 30.35400076 47.64999868 30.09999822 47.64999868 N
OS 30.35400076 47.870999
OS 30.10400126 47.870999
OS 30.10400126 47.39602662
OE
OB 30.10400126 48.378999 H
OS 30.35400076 48.378999
OS 30.35400076 48.59999932
OC 30.10400126 48.85396376 30.1000033 48.59999932 N
OS 30.10400126 48.378999
OE
OB 30.59599926 49.54999742 H
OC 30.76176474 49.31180892 30.85000434 49.54999488 N
OC 30.79439612 49.26492306 30.74439368 49.26491798 Y
OS 30.7944012 48.86115704
OC 30.77032454 48.81840122 30.74440638 48.86115196 Y
OC 30.6460017 48.59999932 30.89999916 48.59999678 N
OS 30.6460017 47.64999868
OC 30.9000017 47.39599868 30.9000017 47.64999868 N
OS 31.4000007 47.39599868
OC 31.6540007 47.64999868 31.4000007 47.64999868 N
OS 31.6540007 48.59999932
OC 31.52967278 48.81839868 31.39999308 48.59998916 N
OC 31.5056012 48.86115704 31.55559602 48.86114688 Y
OS 31.5056012 49.24599752
OC 31.5556011 49.29599488 31.55559856 49.24599498 Y
OS 31.7000001 49.29599742
OC 31.9540001 49.54999742 31.7000001 49.54999742 N
OS 31.9540001 50.4500007
OC 31.74091188 50.70068092 31.7000001 50.44999816 N
OC 31.74091442 50.79930912 31.74915164 50.74999248 Y
OC 31.91193008 50.90999978 31.69998486 51.04999696 N
OC 31.95399248 51.04999442 31.7000255 51.0499868 N
OS 31.9540001 51.95000278
OC 31.7000001 52.20400278 31.7000001 51.95000278 N
OS 30.84999926 52.20400278
OC 30.59599926 51.95000278 30.84999926 51.95000278 N
OS 30.59599926 51.0499995
OC 30.63806166 50.90999724 30.85000688 51.0499995 N
OC 30.80892492 50.7993396 30.84999418 51.0499995 N
OC 30.80892746 50.70065806 30.80084264 50.74999756 Y
OC 30.59599926 50.4500007 30.84999672 50.4500007 N
OS 30.59599926 49.54999742
OE
OB 30.70399244 43.47898848 H
OS 31.02899306 43.47898848
OS 31.02899306 44.0499881
OC 30.77499306 44.3039881 30.77499306 44.0499881 N
OS 30.70399244 44.3039881
OS 30.70399244 43.47898848
OE
OB 40.22099398 48.75398682 H
OS 40.9459938 48.75398682
OS 40.9459938 49.37898684
OS 40.47499398 49.37898684
OC 40.22099398 49.12498684 40.47499398 49.12498684 N
OS 40.22099398 48.75398682
OE
OB 41.4539938 48.75398682 H
OS 42.17899362 48.75398682
OS 42.17899362 49.12498684
OC 41.92499362 49.37898684 41.92499362 49.12498684 N
OS 41.4539938 49.37898684
OS 41.4539938 48.75398682
OE
OB 51.49600318 51.4999986 H
OC 51.75000318 51.2459986 51.75000318 51.4999986 N
OS 51.9710035 51.2459986
OS 51.9710035 51.74600014
OS 51.49600318 51.74600014
OS 51.49600318 51.4999986
OE
OB 51.49600318 52.25400014 H
OS 51.9710035 52.25400014
OS 51.9710035 52.75400168
OS 51.75000318 52.75400168
OC 51.49600318 52.50000168 51.75000318 52.50000168 N
OS 51.49600318 52.25400014
OE
OB 36.09193696 44.29499904 I
OC 36.05559464 44.34310664 36.10559454 44.34309902 Y
OS 36.05559464 45.44598734
OC 36.10559454 45.4959847 36.105592 45.4459848 Y
OS 36.19999364 45.49598724
OC 36.45399364 45.74998724 36.19999364 45.74998724 N
OS 36.45399364 46.69998788
OC 36.24090542 46.9506681 36.19999364 46.69998534 N
OC 36.24090796 47.04930138 36.24914518 46.9999822 Y
OC 36.3826044 47.12344398 36.1999911 47.29996636 N
OC 36.46518996 47.10517122 36.41813392 47.08826498 Y
OC 36.54917252 46.97292866 36.79995942 47.22499064 N
OS 37.08162002 46.4404837
OC 37.09599134 46.40539868 37.04599398 46.40540376 Y
OS 37.09599896 45.79999984
OC 37.11721558 45.69835412 37.3500142 45.79998206 N
OC 37.12139134 45.67835162 37.071554 45.6783821 Y
OS 37.12139896 45.64500142
OC 37.10702002 45.60991386 37.0714143 45.6449938 Y
OS 36.69925604 45.20214988
OC 36.59439468 44.94999392 36.94999468 44.94999392 N
OS 36.59439468 44.34310664
OC 36.55804474 44.29500412 36.54439478 44.34310156 Y
OC 36.37430622 44.09090242 36.62497374 44.04999572 N
OC 36.27567802 44.09090242 36.32499212 44.09914218 Y
OC 36.09193696 44.29499904 36.02500034 44.04998556 N
OE
OB 37.341937 44.29499904 I
OC 37.30559468 44.34310664 37.35559458 44.34309902 Y
OS 37.30559468 44.7819907
OC 37.31997108 44.81707318 37.35559458 44.78198562 Y
OS 37.72773506 45.2248397
OC 37.83259642 45.4769982 37.47699388 45.47699312 N
OS 37.83259896 45.49599994
OC 37.88259886 45.5459973 37.88259632 45.4959974 Y
OS 38.25000224 45.54599984
OC 38.50400224 45.79999984 38.25000224 45.79999984 N
OS 38.50400224 46.65000068
OC 38.25000224 46.90400068 38.25000224 46.65000068 N
OS 37.6446034 46.90400068
OC 37.6095133 46.91837454 37.6446034 46.95401074 Y
OS 37.5169811 47.01091182
OC 37.55260206 47.0959942 37.55259952 47.0459943 Y
OS 38.25000224 47.09599928
OC 38.50395906 47.34570668 38.2499997 47.3499942 N
OC 38.55394626 47.3943934 38.5539361 47.34439604 Y
OS 38.755955 47.39439848
OC 38.79538088 47.37448742 38.75545208 47.34440874 Y
OC 39.3854813 47.12683234 39.30000014 47.75001118 N
OC 39.44198868 47.07775954 39.39199132 47.07725662 Y
OS 39.44199376 43.50845248
OC 39.44201916 43.50315658 40.04133978 43.5086887 N
OC 39.49522454 43.27058656 39.99997842 43.50842962 N
OC 39.49999466 43.24927596 39.44993126 43.2492531 Y
OS 39.49999974 42.7506892
OC 39.4953236 42.72958434 39.45001 42.75069428 Y
OC 39.44455916 42.54500762 39.99984634 42.49155332 N
OC 39.39531364 42.49999374 39.39481072 42.54998602 Y
OS 38.82899524 42.49999882
OC 38.77899788 42.54999872 38.82899524 42.54999618 Y
OS 38.77899534 42.97098848
OS 38.19999472 42.97098848
OS 38.19999472 43.22498848
OS 37.94599472 43.22498848
OS 37.94599472 44.3039881
OS 37.8749941 44.3039881
OC 37.6243088 44.09090242 37.87498902 44.0499881 N
OC 37.52567806 44.09090242 37.57499216 44.09914218 Y
OC 37.341937 44.29499904 37.27500038 44.04998556 N
OE
OB 38.45399472 43.47898848 H
OS 38.77899534 43.47898848
OS 38.77899534 44.0499881
OC 38.52499534 44.3039881 38.52499534 44.0499881 N
OS 38.45399472 44.3039881
OS 38.45399472 43.47898848
OE
OB 56.39999642 41.09249592 I
OC 56.44999378 41.1419929 56.4499887 41.09199554 Y
OS 57.7499861 41.14200052
OC 57.7741542 41.14257456 57.7499607 41.65209348 N
OS 57.79516 41.14357532
OS 57.81617596 41.14457608
OC 57.86380096 41.14910236 57.7918834 41.65296724 N
OS 57.88483216 41.15210718
OC 57.91255372 41.15685444 57.81252852 41.65763068 N
OS 57.93256892 41.16085494
OC 57.9506715 41.1648148 57.83371466 41.65611684 N
OS 57.97169508 41.16982622
OC 57.9999221 41.1774132 57.85460108 41.66176326 N
OS 58.0199627 41.18342538
OC 58.04957656 41.19331106 57.87437752 41.66883462 N
OS 58.06860624 41.20032146
OC 58.08166438 41.20533796 57.89471276 41.67246936 N
OS 58.10167704 41.21334404
OC 58.13043238 41.22589164 57.91239878 41.68633268 N
OS 58.1494519 41.23490102
OC 58.1786619 41.24991242 57.93187296 41.69419906 N
OS 58.19669336 41.25992764
OC 58.21489754 41.27053976 57.95238854 41.6999293 N
OS 58.23291884 41.28155828
OC 58.24390688 41.28846962 57.97847688 41.69827322 N
OS 58.26092996 41.29948052
OC 58.29354102 41.32244466 57.9853044 41.72552742 N
OS 58.3105768 41.33547232
OC 58.33650258 41.35668894 58.00460078 41.7358068 N
OS 58.35252744 41.37070974
OC 58.3645772 41.38160126 58.02050118 41.75015272 N
OS 58.37013726 41.38679048
OC 58.40399546 41.39999594 58.4039853 41.35001128 Y
OS 59.02165234 41.40000102
OC 59.0645377 41.3748347 59.02114688 41.35001382 Y
OC 59.54830102 41.09199808 59.54996726 41.64998528 N
OS 59.7710006 41.09200062
OC 59.82099796 41.04200072 59.77099806 41.04200072 Y
OS 59.8210005 40.75400028
OS 61.77900014 40.75400028
OS 61.77900014 41.04200072
OC 61.82900004 41.09199808 61.8289975 41.04199818 Y
OS 61.95167696 41.09200062
OC 62.43537932 41.37474326 61.9499904 41.64999798 N
OC 62.47882856 41.39999594 62.47882348 41.3499935 Y
OS 62.57099754 41.40000102
OC 62.6209949 41.35000112 62.570995 41.35000112 Y
OS 62.62099744 41.29999868
OC 62.87499744 41.04599868 62.87499744 41.29999868 N
OS 63.01940152 41.04599868
OC 63.06939888 40.99599878 63.01939898 40.99599878 Y
OS 63.06940142 40.54999764
OC 63.07950046 40.46582966 63.42514874 40.54999256 N
OC 63.0309255 40.40399844 63.03091788 40.45399834 Y
OS 62.97900282 40.40399844
OS 62.97900282 38.99599516
OS 63.12239852 38.99599516
OC 63.15801694 38.9109077 63.12239852 38.94599526 Y
OS 62.91548504 38.66837326
OC 62.88040002 38.65399686 62.88040256 38.70398914 Y
OS 62.3000024 38.65399686
OC 62.0460024 38.39999686 62.3000024 38.39999686 N
OS 62.0460024 37.49999358
OC 62.3000024 37.24599358 62.3000024 37.49999358 N
OS 63.15000324 37.24599358
OC 63.31710476 37.3087011 63.15000324 37.4999885 N
OC 63.39999766 37.2710456 63.34999776 37.27104306 Y
OS 63.4000002 36.6785017
OC 63.3668913 36.63143804 63.3500003 36.67849662 Y
OC 63.09599776 36.24999862 63.5 36.249991 N
OS 63.09599776 35.94999922
OC 63.21807016 35.66062464 63.50000762 35.94999922 N
OC 63.21823526 35.58953004 63.18300292 35.62499352 Y
OC 63.10961216 35.40400082 63.49995174 35.30002592 N
OS 63.8999992 35.40400082
OS 63.8999992 34.89600082
OS 63.0636915 34.89600082
OC 63.04947258 34.8939358 63.04947258 34.94390268 Y
OS 63.000001 34.8939358
OS 63.000001 28.19999948
OS 67.49999962 28.19999948
OS 67.49999962 29.53290766
OC 67.52100034 29.57363402 67.54998936 29.53290766 Y
OS 67.52100034 31.55017566
OC 67.49999962 31.5909071 67.54998428 31.59089948 Y
OS 67.49999962 31.7829057
OC 67.52100034 31.82363206 67.54998936 31.7829057 Y
OS 67.52100034 33.8001737
OC 67.49999962 33.84090514 67.54998428 33.84089752 Y
OS 67.49999962 34.00790506
OC 67.54999952 34.05790242 67.54999698 34.00790252 Y
OS 68.17499954 34.05790496
OC 68.42899954 34.31190496 68.17499954 34.31190496 N
OS 68.42899954 34.5579065
OS 67.69999922 34.5579065
OS 67.69999922 35.0659065
OS 68.42899954 35.0659065
OS 68.42899954 35.31190804
OC 68.17499954 35.56590804 68.17499954 35.31190804 N
OS 67.54999952 35.56590804
OC 67.50000216 35.61590794 67.54999952 35.6159054 Y
OS 67.49999962 40.45000038
OC 67.54999952 40.49999774 67.54999698 40.44999784 Y
OS 71.89152754 40.50000028
OC 71.92896714 40.48313468 71.89152246 40.45000292 Y
OC 71.98313518 40.42896664 72.39999744 40.9000325 N
OC 71.9999957 40.3915245 71.94998056 40.39151434 Y
OS 72.00000078 39.70399984
OC 71.95000088 39.65400248 71.95000088 39.70399984 Y
OS 71.3079981 39.65399994
OS 71.3079981 36.34600046
OS 71.95000088 36.34600046
OC 71.99999824 36.29600056 71.94999834 36.29600056 Y
OS 72.00000078 35.05000102
OC 71.95000088 35.00000366 71.95000088 35.05000102 Y
OS 70.50000124 35.00000112
OS 70.50000124 26.2499983
OC 70.45049918 26.1999984 70.4499988 26.24999576 Y
OS 66.19999968 26.19999586
OS 66.19999968 22.55000062
OC 66.19997682 22.54863156 66.14603738 22.55021652 Y
OC 66.1992326 22.54129604 66.15082528 22.54991172 Y
OC 66.19200122 22.45198456 66.75062342 22.45170008 N
OS 66.19200122 17.83975096
OC 66.19941294 17.75074682 66.75021448 17.84142482 N
OC 66.1999946 17.74362212 66.14928858 17.74305062 Y
OS 66.19999968 16.04829404
OC 66.19935706 16.0403286 66.15022584 16.04829912 Y
OC 66.19200122 15.95002652 66.75012304 15.95001128 N
OS 66.19200122 8.43331562
OC 66.19941294 8.34431148 66.75021448 8.43498948 N
OC 66.1999946 8.33718678 66.14928858 8.33661528 Y
OS 66.19999968 1.04997504
OC 66.15031474 0.99997006 66.14999216 1.0499725 Y
OS 65.3496788 0.99997514
OC 65.30000148 1.04997504 65.34999884 1.0499725 Y
OS 65.30000148 22.50000072
OS 65.25006508 22.50000072
OC 65.21437554 22.51497402 65.25006254 22.55001078 Y
OS 65.15999668 22.57062796
OS 57.32344644 30.58999978
OS 56.41411628 31.52054148
OC 56.39999642 31.55534202 56.44996838 31.55535218 Y
OS 56.39999642 41.09249592
OE
OB 57.0919991 34.620708 H
OC 57.25431272 34.22725692 57.65001424 34.620708 N
OS 59.82725906 31.65431566
OC 60.22067966 31.4919995 60.22070252 32.0499994 N
OS 61.61218818 31.4919995
OC 62.17018808 32.05000194 61.61218564 32.0499994 N
OS 62.17019062 33.59599834
OC 62.0892078 33.88549738 61.61217802 33.59598056 N
OC 62.08454944 33.92616532 62.13221254 33.91102438 Y
OC 62.10399568 34.0499954 61.70011282 34.04997762 N
OS 62.10400076 34.34999988
OC 62.0845088 34.47396204 61.69981818 34.34995924 N
OC 62.08933226 34.51469348 62.13220492 34.48896328 Y
OC 62.170183 34.80399694 61.61221104 34.80398424 N
OS 62.17019062 35.49599708
OC 62.0892078 35.78549612 61.61217802 35.4959793 N
OC 62.08454944 35.82616406 62.13221254 35.81102312 Y
OC 62.10399568 35.94999414 61.70011282 35.94997636 N
OS 62.10400076 36.24999862
OC 61.70000106 36.65399578 61.70000106 36.24999608 N
OS 60.89999758 36.65399832
OC 60.56968582 36.48261182 60.89999758 36.24999862 N
OC 60.4790002 36.51167704 60.52899756 36.5116745 Y
OS 60.4790002 37.27500292
OC 60.39547484 37.46328296 60.22500528 37.27499022 N
OC 60.39566788 37.53687946 60.42942448 37.49999104 Y
OC 60.47899258 37.72499948 60.22500528 37.72498678 N
OS 60.4790002 38.09600204
OS 58.52100056 38.09600204
OS 58.52100056 37.85799642
OC 58.47100066 37.80799906 58.47100066 37.85799642 Y
OS 57.65000154 37.80799652
OC 57.0919991 37.25002202 57.64999646 37.24999662 N
OS 57.0919991 34.620708
OE
OB 58.52100056 38.60400204 H
OS 59.24600038 38.60400204
OS 59.24600038 39.22900206
OS 58.77500056 39.22900206
OC 58.52100056 38.97500206 58.77500056 38.97500206 N
OS 58.52100056 38.60400204
OE
OB 59.75400038 38.60400204 H
OS 60.4790002 38.60400204
OS 60.4790002 38.97500206
OC 60.2250002 39.22900206 60.2250002 38.97500206 N
OS 59.75400038 39.22900206
OS 59.75400038 38.60400204
OE
OB 59.8210005 39.87500026 H
OC 60.0750005 39.62100026 60.0750005 39.87500026 N
OS 60.54600032 39.62100026
OS 60.54600032 40.24600028
OS 59.8210005 40.24600028
OS 59.8210005 39.87500026
OE
OB 61.05400032 39.62100026 H
OS 61.52500014 39.62100026
OC 61.77900014 39.87500026 61.52500014 39.87500026 N
OS 61.77900014 40.24600028
OS 61.05400032 40.24600028
OS 61.05400032 39.62100026
OE
OB 62.0460024 39.24999516 H
OC 62.3000024 38.99599516 62.3000024 39.24999516 N
OS 62.47100282 38.99599516
OS 62.47100282 39.4459968
OS 62.0460024 39.4459968
OS 62.0460024 39.24999516
OE
OB 62.0460024 39.9539968 H
OS 62.47100282 39.9539968
OS 62.47100282 40.40399844
OS 62.3000024 40.40399844
OC 62.0460024 40.14999844 62.3000024 40.14999844 N
OS 62.0460024 39.9539968
OE
OB 68.02900034 29.58290756 H
OS 68.40000036 29.58290756
OC 68.65400036 29.83690756 68.40000036 29.83690756 N
OS 68.65400036 30.30790738
OS 68.02900034 30.30790738
OS 68.02900034 29.58290756
OE
OB 68.02900034 30.81590738 H
OS 68.65400036 30.81590738
OS 68.65400036 31.2869072
OC 68.40000036 31.5409072 68.40000036 31.2869072 N
OS 68.02900034 31.5409072
OS 68.02900034 30.81590738
OE
OB 68.02900034 31.8329056 H
OS 68.40000036 31.8329056
OC 68.65400036 32.0869056 68.40000036 32.0869056 N
OS 68.65400036 32.55790542
OS 68.02900034 32.55790542
OS 68.02900034 31.8329056
OE
OB 68.02900034 33.06590542 H
OS 68.65400036 33.06590542
OS 68.65400036 33.53690524
OC 68.40000036 33.79090524 68.40000036 33.53690524 N
OS 68.02900034 33.79090524
OS 68.02900034 33.06590542
OE
OB 69.34599796 36.60000046 H
OC 69.59999796 36.34600046 69.59999796 36.60000046 N
OS 70.2919981 36.34600046
OS 70.2919981 37.4920002
OS 69.34599796 37.4920002
OS 69.34599796 36.60000046
OE
OB 69.34599796 38.5080002 H
OS 70.2919981 38.5080002
OS 70.2919981 39.65399994
OS 69.59999796 39.65399994
OC 69.34599796 39.39999994 69.59999796 39.39999994 N
OS 69.34599796 38.5080002
OE
OB 80.0497383 0.99997514 I
OC 80.00000002 1.04997504 80.04998976 1.04996488 Y
OS 80.00000002 11.94999896
OC 80.04999992 11.99999632 80.04999738 11.94999642 Y
OS 86.95000136 11.99999886
OC 86.99999872 11.94999896 86.94999882 11.94999896 Y
OS 87.00000126 10.39817326
OC 86.99065914 10.36907248 86.9500039 10.39817326 Y
OC 86.93189624 10.26999978 87.49972848 10.00016288 N
OC 86.99049912 9.63114152 87.49999772 9.99999524 N
OC 86.99999364 9.60182484 86.95005978 9.6018477 Y
OS 86.99999872 8.01301928
OC 86.962742 7.96466784 86.95000136 8.01301166 Y
OC 86.77097708 7.7184123 87.024972 7.7184123 N
OS 86.77097708 7.52668802
OC 86.69076896 7.4868405 86.72097464 7.52668802 Y
OC 86.45395968 7.61285498 86.19998254 6.85007012 N
OS 86.45395968 6.3000382
OS 86.19995968 6.3000382
OS 86.19995968 6.0460382
OS 85.39595824 6.0460382
OS 85.39595824 5.7500393
OC 85.47999414 5.39216346 86.19997746 5.7500393 N
OC 86.07997262 4.95503962 86.1999546 5.7500393 N
OC 86.07251264 4.85560116 86.0725101 4.90559852 Y
OS 83.81800356 4.85560116
OC 83.78291346 4.86997502 83.81800356 4.90561122 Y
OS 83.11837834 5.53451522
OC 83.10400194 5.56960278 83.15397136 5.56958754 Y
OS 83.10400194 6.1500004
OC 82.85000194 6.4040004 82.85000194 6.1500004 N
OS 81.94999866 6.4040004
OC 81.69599866 6.1500004 81.94999866 6.1500004 N
OS 81.69599866 5.29999956
OC 81.94999866 5.04599956 81.94999866 5.29999956 N
OS 82.58039872 5.04599956
OC 82.6154812 5.03161808 82.58038348 4.99598188 Y
OS 83.39784184 4.24926252
OC 83.65000034 4.14440116 83.64999526 4.5000037 N
OS 88.3000012 4.14440116
OC 88.55206826 4.24917362 88.29999866 4.50000878 N
OS 89.52572138 5.22282674
OC 89.63057766 5.4749827 89.27498782 5.47497254 N
OS 89.63058528 5.70644274
OC 89.71566766 5.74206116 89.68058264 5.70644274 Y
OS 89.74609432 5.71163958
OC 90.0136884 5.6004968 90.01368332 5.97819734 N
OS 90.50473644 5.6004968
OC 90.77232798 5.71163958 90.5047339 5.97820496 N
OS 91.01689696 5.95620856
OC 91.11560644 6.12769666 90.75037984 6.22376708 N
OC 91.1638385 6.16450126 91.16383596 6.11449628 Y
OS 91.42498098 6.1645038
OC 91.50867144 6.17868716 91.42497844 6.41850888 N
OC 91.54090404 6.17868462 91.52478266 6.1313695 Y
OC 91.62459958 6.1645038 91.62455894 6.41834124 N
OS 91.86937938 6.1645038
OC 91.91937674 6.1145039 91.86937684 6.1145039 Y
OS 91.91937928 5.2250213
OC 92.02415174 4.97294916 92.27498436 5.2250213 N
OS 92.64784112 4.34926232
OC 92.89999962 4.24440096 92.89999454 4.6000035 N
OS 97.93299946 4.24440096
OC 98.18506652 4.34917342 97.93299692 4.60000858 N
OS 98.76831402 4.93242092
OC 98.80340158 4.94679732 98.8033965 4.89679742 Y
OS 99.43380164 4.94679986
OC 99.68780164 5.20079986 99.43380164 5.20079986 N
OS 99.68780164 6.0508007
OC 99.43380164 6.3048007 99.43380164 6.0508007 N
OS 98.53379836 6.3048007
OC 98.27979836 6.0508007 98.53379836 6.0508007 N
OS 98.27979836 5.47040308
OC 98.26541942 5.43531552 98.2298137 5.47039546 Y
OS 97.80008126 4.96997736
OC 97.76499624 4.95560096 97.76499878 5.00559324 Y
OS 95.26836166 4.95560096
OC 95.24358142 5.04902216 95.26836166 5.00559578 Y
OC 95.6399916 5.60126896 94.84987126 5.75002914 N
OC 95.6538727 5.75003676 94.85006938 5.75001898 N
OS 95.65388032 6.0460382
OS 94.84987888 6.0460382
OS 94.84987888 6.3000382
OS 94.59587888 6.3000382
OS 94.59587888 7.61285244
OC 94.35911786 7.4868786 94.84976458 6.85020982 N
OC 94.27893768 7.52674644 94.32893758 7.52674136 Y
OS 94.27893768 7.7185647
OC 94.04552438 7.97172142 94.02493514 7.71855708 N
OC 93.99999996 8.02152828 94.0500024 8.0215232 Y
OS 93.99999996 11.28975898
OC 94.0859053 11.32455444 94.04999986 11.28975898 Y
OC 94.26831286 11.24731558 94.26829762 11.5012851 N
OS 94.4643145 11.24731558
OS 94.4643145 11.926316
OS 94.9723145 11.926316
OS 94.9723145 11.24731558
OS 95.16831614 11.24731558
OC 95.38871702 11.37506996 95.1683136 11.5013105 N
OC 95.47882606 11.36668034 95.43179796 11.34969028 Y
OC 95.6399916 11.20968548 95.71830488 11.45130552 N
OC 95.71831504 11.19731568 95.71828202 11.45126996 N
OS 95.96431658 11.19731568
OS 95.96431658 11.926316
OS 96.47231658 11.926316
OS 96.47231658 11.19731568
OS 96.71831812 11.19731568
OC 96.92943784 11.31009168 96.7183232 11.45130298 N
OC 97.02099722 11.28229392 96.97099732 11.28229138 Y
OS 97.02099976 11.02499954
OC 97.27499976 10.77099954 97.27499976 11.02499954 N
OS 97.74599958 10.77099954
OS 97.74599958 11.64999956
OS 97.99999958 11.64999956
OS 97.99999958 11.90399956
OS 98.9789994 11.90399956
OS 98.9789994 12.27499958
OC 98.97080282 12.3389644 98.72509846 12.27497164 N
OC 99.01926094 12.40131124 99.0192584 12.35130626 Y
OS 100.9500013 12.40131632
OC 100.99999866 12.35131642 100.94999876 12.35131642 Y
OS 101.0000012 1.04997504
OC 100.95013592 0.99997514 100.95000384 1.04996996 Y
OS 95.37905486 0.99997514
OC 95.3481202 1.08911136 95.37923266 1.0499725 Y
OC 95.63999414 1.5713456 94.84988142 1.72011594 N
OC 95.6538727 1.72012356 94.85005668 1.72008292 N
OS 95.65388032 1.8661253
OS 94.04587744 1.8661253
OS 94.04587744 1.7201261
OC 94.3515131 1.08920788 94.84988142 1.72012356 N
OC 94.32070544 0.99997514 94.32052764 1.04996996 Y
OS 86.72908486 0.99997514
OC 86.698201 1.0891139 86.72930838 1.0499725 Y
OC 87.0039535 1.72012356 86.1999673 1.72011086 N
OS 87.00396112 1.8661253
OS 85.39595824 1.8661253
OS 85.39595824 1.7201261
OC 85.47999414 1.36225026 86.19997492 1.72012356 N
OC 85.70159136 1.08920534 86.19995206 1.72011594 N
OC 85.6708345 0.99997514 85.67060336 1.04996996 Y
OS 80.0497383 0.99997514
OE
OB 81.69599866 6.849999 H
OC 81.94999866 6.595999 81.94999866 6.849999 N
OS 82.1460003 6.595999
OS 82.1460003 7.02099942
OS 81.69599866 7.02099942
OS 81.69599866 6.849999
OE
OB 81.69599866 7.52899942 H
OS 82.1460003 7.52899942
OS 82.1460003 7.95399984
OS 81.94999866 7.95399984
OC 81.69599866 7.69999984 81.94999866 7.69999984 N
OS 81.69599866 7.52899942
OE
OB 82.6540003 6.595999 H
OS 82.85000194 6.595999
OC 83.10400194 6.849999 82.85000194 6.849999 N
OS 83.10400194 7.02099942
OS 82.6540003 7.02099942
OS 82.6540003 6.595999
OE
OB 82.6540003 7.52899942 H
OS 83.10400194 7.52899942
OS 83.10400194 7.69999984
OC 82.85000194 7.95399984 82.85000194 7.69999984 N
OS 82.6540003 7.95399984
OS 82.6540003 7.52899942
OE
OB 85.39595824 2.3741253 H
OS 85.94595968 2.3741253
OS 85.94595968 3.28294746
OC 85.47999668 2.87799526 86.19994698 2.52013466 N
OC 85.39595824 2.5201245 86.19995714 2.5201245 N
OS 85.39595824 2.3741253
OE
OB 85.39595824 6.5540382 H
OS 85.94595968 6.5540382
OS 85.94595968 7.61286006
OC 85.47999668 7.20790786 86.19994698 6.85004726 N
OC 85.39595824 6.8500371 86.19995714 6.8500371 N
OS 85.39595824 6.5540382
OE
OB 86.45395968 2.3741253 H
OS 87.00396112 2.3741253
OS 87.00396112 2.5201245
OC 86.45395968 3.28294492 86.1999546 2.52011688 N
OS 86.45395968 2.3741253
OE
OB 94.04587744 2.3741253 H
OS 94.59587888 2.3741253
OS 94.59587888 3.28294746
OC 94.04587744 2.5201245 94.8498738 2.52012704 N
OS 94.04587744 2.3741253
OE
OB 95.10387888 2.3741253 H
OS 95.65388032 2.3741253
OS 95.65388032 2.5201245
OC 95.6399916 2.66888722 94.84990936 2.52009402 N
OC 95.10387888 3.28294492 94.84987126 2.52012196 N
OS 95.10387888 2.3741253
OE
OB 95.10387888 6.5540382 H
OS 95.65388032 6.5540382
OS 95.65388032 6.8500371
OC 95.6399916 6.99879982 94.84990936 6.85000662 N
OC 95.10387888 7.61285752 94.84987126 6.85003456 N
OS 95.10387888 6.5540382
OE
OB 98.25399958 10.77099954 H
OS 98.7249994 10.77099954
OC 98.9789994 11.02499954 98.7249994 11.02499954 N
OS 98.9789994 11.39599956
OS 98.25399958 11.39599956
OS 98.25399958 10.77099954
OE
OB 98.27979836 6.7507993 H
OC 98.53379836 6.4967993 98.53379836 6.7507993 N
OS 98.7298 6.4967993
OS 98.7298 6.92179972
OS 98.27979836 6.92179972
OS 98.27979836 6.7507993
OE
OB 98.27979836 7.42979972 H
OS 98.7298 7.42979972
OS 98.7298 7.85480014
OS 98.53379836 7.85480014
OC 98.27979836 7.60080014 98.53379836 7.60080014 N
OS 98.27979836 7.42979972
OE
OB 99.2378 6.4967993 H
OS 99.43380164 6.4967993
OC 99.68780164 6.7507993 99.43380164 6.7507993 N
OS 99.68780164 6.92179972
OS 99.2378 6.92179972
OS 99.2378 6.4967993
OE
OB 99.2378 7.42979972 H
OS 99.68780164 7.42979972
OS 99.68780164 7.60080014
OC 99.43380164 7.85480014 99.43380164 7.60080014 N
OS 99.2378 7.85480014
OS 99.2378 7.42979972
OE
SE
S P 0
OB 50.85098542 42.02900154 I
OS 50.84998466 42.04999972
OS 50.84998466 48.55000196
OS 50.85098542 48.57100014
OS 50.85198618 48.59200086
OS 50.85498592 48.61300158
OS 50.85898388 48.63300154
OS 50.86398514 48.65399972
OS 50.86998462 48.67399968
OS 50.87698486 48.69300142
OS 50.88498586 48.71300138
OS 50.89398508 48.73200058
OS 50.90398506 48.75000156
OS 50.9149858 48.768
OS 50.925984 48.78500022
OS 50.93898372 48.80200044
OS 50.9529842 48.8179999
OS 50.96698468 48.83300114
OS 50.98198592 48.84700162
OS 50.99798538 48.8610021
OS 51.0149856 48.87400182
OS 51.03198582 48.88500002
OS 51.04998426 48.89600076
OS 51.06798524 48.90600074
OS 51.08698444 48.91499996
OS 51.1069844 48.92300096
OS 51.12598614 48.9300012
OS 51.1459861 48.93600068
OS 51.16698428 48.94100194
OS 51.18698424 48.9449999
OS 51.20798496 48.94799964
OS 51.22898568 48.9490004
OS 51.24998386 48.95000116
OS 53.44998454 48.95000116
OS 53.44998454 47.78800196
OS 53.34498602 47.7410018
OS 53.2509857 47.69499986
OS 53.15898436 47.64499996
OS 53.06898454 47.5910021
OS 52.98098624 47.53400196
OS 52.89498438 47.47300132
OS 52.8119848 47.40900094
OS 52.7309842 47.34200082
OS 52.65298588 47.27200096
OS 52.57798476 47.1980006
OS 52.50598592 47.12200126
OS 52.43598606 47.04299964
OS 52.36998416 46.96200158
OS 52.30698454 46.87800124
OS 52.24698466 46.79100116
OS 52.19098528 46.70300032
OS 52.13898386 46.61199974
OS 52.08898396 46.51900018
OS 52.04398532 46.42499986
OS 52.00198388 46.3279998
OS 51.96398548 46.23000152
OS 51.92998504 46.13099994
OS 51.8999851 46.03100014
OS 51.8729849 45.92900136
OS 51.85098596 45.82600182
OS 51.83298498 45.72299974
OS 51.81798374 45.61900198
OS 51.80798376 45.51400092
OS 51.80198428 45.41000062
OS 51.7999853 45.30000084
OS 51.80198428 45.19000106
OS 51.80798376 45.08600076
OS 51.81798374 44.9809997
OS 51.83298498 44.87700194
OS 51.85098596 44.77399986
OS 51.8729849 44.67100032
OS 51.8999851 44.56900154
OS 51.92998504 44.46900174
OS 51.96398548 44.37000016
OS 52.00198388 44.27200188
OS 52.04398532 44.17500182
OS 52.08898396 44.0810015
OS 52.13898386 43.98800194
OS 52.19098528 43.89700136
OS 52.24698466 43.80900052
OS 52.30698454 43.72200044
OS 52.36998416 43.6380001
OS 52.43598606 43.55700204
OS 52.50598592 43.47800042
OS 52.57798476 43.40200108
OS 52.65298588 43.32800072
OS 52.7309842 43.25800086
OS 52.8119848 43.19100074
OS 52.89498438 43.12700036
OS 52.98098624 43.06599972
OS 53.06898454 43.00899958
OS 53.15898436 42.95500172
OS 53.2509857 42.90500182
OS 53.34498602 42.85899988
OS 53.44998454 42.81199972
OS 53.44998454 41.65000052
OS 51.24998386 41.65000052
OS 51.22898568 41.65100128
OS 51.20798496 41.65200204
OS 51.18698424 41.65500178
OS 51.16698428 41.65899974
OS 51.1459861 41.664001
OS 51.12598614 41.67000048
OS 51.1069844 41.67700072
OS 51.08698444 41.68500172
OS 51.06798524 41.69400094
OS 51.04998426 41.70400092
OS 51.03198582 41.71500166
OS 51.0149856 41.72599986
OS 50.99798538 41.73899958
OS 50.98198592 41.75300006
OS 50.96698468 41.76700054
OS 50.9529842 41.78200178
OS 50.93898372 41.79800124
OS 50.925984 41.81500146
OS 50.9149858 41.83200168
OS 50.90398506 41.85000012
OS 50.89398508 41.8680011
OS 50.88498586 41.8870003
OS 50.87698486 41.90700026
OS 50.86998462 41.926002
OS 50.86398514 41.94600196
OS 50.85898388 41.96700014
OS 50.85498592 41.9870001
OS 50.85198618 42.00800082
OS 50.85098542 42.02900154
OE
SE
S P 0
OB 55.54998542 41.65000052 I
OS 55.54998542 42.81199972
OS 55.65498394 42.85899988
OS 55.74898426 42.90500182
OS 55.8409856 42.95500172
OS 55.93098542 43.00899958
OS 56.01898372 43.06599972
OS 56.10498558 43.12700036
OS 56.18798516 43.19100074
OS 56.26898576 43.25800086
OS 56.34698408 43.32800072
OS 56.4219852 43.40200108
OS 56.49398404 43.47800042
OS 56.5639839 43.55700204
OS 56.6299858 43.6380001
OS 56.69298542 43.72200044
OS 56.7529853 43.80900052
OS 56.80898468 43.89700136
OS 56.8609861 43.98800194
OS 56.910986 44.0810015
OS 56.95598464 44.17500182
OS 56.99798608 44.27200188
OS 57.03598448 44.37000016
OS 57.06998492 44.46900174
OS 57.09998486 44.56900154
OS 57.12698506 44.67100032
OS 57.148984 44.77399986
OS 57.16698498 44.87700194
OS 57.18198622 44.9809997
OS 57.1919862 45.08600076
OS 57.19798568 45.19000106
OS 57.19998466 45.30000084
OS 57.19798568 45.41000062
OS 57.1919862 45.51400092
OS 57.18198622 45.61900198
OS 57.16698498 45.72299974
OS 57.148984 45.82600182
OS 57.12698506 45.92900136
OS 57.09998486 46.03100014
OS 57.06998492 46.13099994
OS 57.03598448 46.23000152
OS 56.99798608 46.3279998
OS 56.95598464 46.42499986
OS 56.910986 46.51900018
OS 56.8609861 46.61199974
OS 56.80898468 46.70300032
OS 56.7529853 46.79100116
OS 56.69298542 46.87800124
OS 56.6299858 46.96200158
OS 56.5639839 47.04299964
OS 56.49398404 47.12200126
OS 56.4219852 47.1980006
OS 56.34698408 47.27200096
OS 56.26898576 47.34200082
OS 56.18798516 47.40900094
OS 56.10498558 47.47300132
OS 56.01898372 47.53400196
OS 55.93098542 47.5910021
OS 55.8409856 47.64499996
OS 55.74898426 47.69499986
OS 55.65498394 47.7410018
OS 55.54998542 47.78800196
OS 55.54998542 48.95000116
OS 57.7499861 48.95000116
OS 57.77098428 48.9490004
OS 57.791985 48.94799964
OS 57.81298572 48.9449999
OS 57.83298568 48.94100194
OS 57.85398386 48.93600068
OS 57.87398382 48.9300012
OS 57.89298556 48.92300096
OS 57.91298552 48.91499996
OS 57.93198472 48.90600074
OS 57.9499857 48.89600076
OS 57.96798414 48.88500002
OS 57.98498436 48.87400182
OS 58.00198458 48.8610021
OS 58.01798404 48.84700162
OS 58.03298528 48.83300114
OS 58.04698576 48.8179999
OS 58.06098624 48.80200044
OS 58.07398596 48.78500022
OS 58.08498416 48.768
OS 58.0959849 48.75000156
OS 58.10598488 48.73200058
OS 58.1149841 48.71300138
OS 58.1229851 48.69300142
OS 58.12998534 48.67399968
OS 58.13598482 48.65399972
OS 58.14098608 48.63300154
OS 58.14498404 48.61300158
OS 58.14798378 48.59200086
OS 58.14898454 48.57100014
OS 58.1499853 48.55000196
OS 58.1499853 42.04999972
OS 58.14898454 42.02900154
OS 58.14798378 42.00800082
OS 58.14498404 41.9870001
OS 58.14098608 41.96700014
OS 58.13598482 41.94600196
OS 58.12998534 41.926002
OS 58.1229851 41.90700026
OS 58.1149841 41.8870003
OS 58.10598488 41.8680011
OS 58.0959849 41.85000012
OS 58.08498416 41.83200168
OS 58.07398596 41.81500146
OS 58.06098624 41.79800124
OS 58.04698576 41.78200178
OS 58.03298528 41.76700054
OS 58.01798404 41.75300006
OS 58.00198458 41.73899958
OS 57.98498436 41.72599986
OS 57.96798414 41.71500166
OS 57.9499857 41.70400092
OS 57.93198472 41.69400094
OS 57.91298552 41.68500172
OS 57.89298556 41.67700072
OS 57.87398382 41.67000048
OS 57.85398386 41.664001
OS 57.83298568 41.65899974
OS 57.81298572 41.65500178
OS 57.791985 41.65200204
OS 57.77098428 41.65100128
OS 57.7499861 41.65000052
OS 55.54998542 41.65000052
OE
SE
S P 0
OB 57.6143755 34.58562044 I
OC 57.5999991 34.620708 57.64997868 34.6206953 Y
OS 57.5999991 37.24999662
OC 57.649999 37.29999398 57.64999646 37.24999408 Y
OS 58.47100066 37.29999652
OC 58.52099802 37.24999662 58.47099812 37.24999662 Y
OS 58.52100056 36.9040029
OS 59.50000038 36.9040029
OS 59.50000038 36.6500029
OS 59.75400038 36.6500029
OS 59.75400038 35.77100288
OS 60.2250002 35.77100288
OC 60.422409 35.86517338 60.2250002 36.02500034 N
OC 60.50950052 35.8464104 60.46117194 35.83359102 Y
OC 60.89999758 35.54599952 60.89998742 35.9499916 N
OS 61.61219072 35.54599952
OC 61.66218808 35.49599962 61.61218818 35.49599962 Y
OS 61.66219062 34.80399948
OC 61.61219072 34.75400212 61.61219072 34.80399948 Y
OS 61.55399932 34.75399958
OS 61.55399932 33.64600078
OS 61.61219072 33.64600078
OC 61.66218808 33.59600088 61.61218818 33.59600088 Y
OS 61.66219062 32.0499994
OC 61.61219072 32.00000204 61.61219072 32.0499994 Y
OS 60.2207076 31.9999995
OC 60.1856175 32.01437336 60.2207076 32.05000956 Y
OS 57.6143755 34.58562044
OE
OB 58.52100056 36.02500288 H
OC 58.77500056 35.77100288 58.77500056 36.02500288 N
OS 59.24600038 35.77100288
OS 59.24600038 36.3960029
OS 58.52100056 36.3960029
OS 58.52100056 36.02500288
OE
OB 60.50960974 34.45400018 H
OS 61.04599932 34.45400018
OS 61.04599932 34.75399958
OS 60.89999758 34.75399958
OC 60.50960974 34.45400018 60.89999758 34.34999734 N
OE
OB 60.50961228 33.94600018 H
OC 60.89999758 33.64600078 60.89999504 34.04999794 N
OS 61.04599932 33.64600078
OS 61.04599932 33.94600018
OS 60.50961228 33.94600018
OE
OB 59.54998504 41.60000062 I
OC 59.49998514 41.65000052 59.54998504 41.65000052 Y
OS 59.49998514 48.44999962
OC 59.54998504 48.49999952 59.54998504 48.44999962 Y
OS 61.95000056 48.49999952
OC 62.00000046 48.44999962 61.95000056 48.44999962 Y
OS 62.00000046 41.65000052
OC 61.95000056 41.60000062 61.95000056 41.65000052 Y
OS 61.82900004 41.60000062
OC 61.77900014 41.65000052 61.82900004 41.65000052 Y
OS 61.77900014 41.94599942
OS 59.8210005 41.94599942
OS 59.8210005 41.65000052
OC 59.7710006 41.60000062 59.7710006 41.65000052 Y
OS 59.54998504 41.60000062
OE
OB 59.8210005 42.45399942 H
OS 60.54600032 42.45399942
OS 60.54600032 43.07899944
OS 60.0750005 43.07899944
OC 59.8210005 42.82499944 60.0750005 42.82499944 N
OS 59.8210005 42.45399942
OE
OB 61.05400032 42.45399942 H
OS 61.77900014 42.45399942
OS 61.77900014 42.82499944
OC 61.52500014 43.07899944 61.52500014 42.82499944 N
OS 61.05400032 43.07899944
OS 61.05400032 42.45399942
OE
SE
S P 0
OB 60.50000346 51.02899878 I
OS 60.50000092 54.94999932
OC 60.55000082 54.99999668 60.54999828 54.94999678 Y
OS 61.42099984 54.99999922
OC 61.4709972 54.94999932 61.4209973 54.94999932 Y
OS 61.47099974 54.00799968
OS 63.75900126 54.00799968
OS 63.75900126 54.94999932
OC 63.80900116 54.99999668 63.80899862 54.94999678 Y
OS 64.94999964 54.99999922
OC 64.999997 54.94999932 64.9499971 54.94999932 Y
OS 64.99999954 51.1999992
OS 66.9705163 51.1999992
OC 67.02051366 51.1499993 66.97051376 51.1499993 Y
OS 67.0205162 51.0040001
OC 66.9705163 50.95400274 66.9705163 51.0040001 Y
OS 66.85399888 50.9540002
OS 66.85399888 49.24599752
OS 66.9705163 49.24599752
OC 67.02051366 49.19599762 66.97051376 49.19599762 Y
OS 67.0205162 47.14999968
OC 67.09345992 46.87415314 67.57854912 47.14999968 N
OC 67.0999928 46.84943894 67.05004878 46.84945672 Y
OS 67.10000042 46.70000058
OS 67.23258588 46.70000058
OC 67.2610288 46.69111312 67.2325808 46.65002862 Y
OC 67.57683208 46.59199724 67.5784907 47.14996158 N
OS 70.50750186 46.59199978
OC 70.55699122 46.541944 70.50700148 46.54201258 Y
OS 70.54271642 45.15322694
OC 70.49322452 45.1039992 70.4927216 45.15399402 Y
OS 70.0540001 45.1039992
OS 70.0540001 42.29599872
OS 70.46331602 42.29599872
OC 70.51280538 42.24587944 70.46281564 42.24601152 Y
OS 70.50313306 41.30470276
OC 70.4536437 41.25559694 70.45314332 41.30558922 Y
OS 66.04999998 41.25559948
OC 66.00000262 41.30559938 66.04999998 41.30559684 Y
OS 66.00000008 42.56515236
OC 66.05653286 42.61422008 66.04999744 42.5646469 Y
OC 66.05654048 43.86054474 66.14202418 43.23738114 N
OC 66.00000008 43.91012046 66.04999744 43.91011284 Y
OS 66.00000008 44.0000009
OS 62.55800036 44.0000009
OC 62.508003 44.0500008 62.55800036 44.04999826 Y
OS 62.50800046 48.44999962
OC 62.50062684 48.54038552 61.9500412 48.44997422 N
OC 62.49999946 48.54832048 62.54968186 48.54825444 Y
OS 62.49999946 48.98089772
OC 62.53739842 49.02877926 62.54998412 48.98039988 Y
OC 62.72899062 49.2749967 62.47499824 49.27498654 N
OS 62.72899824 49.74599906
OS 61.84999822 49.74599906
OS 61.84999822 49.99999906
OS 61.59599822 49.99999906
OS 61.59599822 50.97899888
OS 61.2249982 50.97899888
OC 61.05095486 50.90999978 61.22499312 50.7250065 N
OC 61.03687818 50.89566656 61.22479754 50.72518684 N
OC 60.96328168 50.89547606 60.9999923 50.92942824 Y
OC 60.94903736 50.90999724 60.77481622 50.72485664 N
OC 60.77499656 50.9789938 60.77498894 50.72498364 N
OS 60.55000082 50.97899888
OC 60.50000346 51.02899878 60.55000082 51.02899624 Y
OE
OB 61.47099974 51.7499981 H
OC 61.72499974 51.4959981 61.72499974 51.7499981 N
OS 62.1070005 51.4959981
OS 62.1070005 52.99199968
OS 61.47099974 52.99199968
OS 61.47099974 51.7499981
OE
OB 62.10399822 50.25399906 H
OS 62.72899824 50.25399906
OS 62.72899824 50.72499888
OC 62.6490365 50.90999724 62.47500332 50.72499888 N
OC 62.47499824 50.97899888 62.47499824 50.7250065 N
OS 62.10399822 50.97899888
OS 62.10399822 50.25399906
OE
OB 63.1230005 51.4959981 H
OS 63.50500126 51.4959981
OC 63.75900126 51.7499981 63.50500126 51.7499981 N
OS 63.75900126 52.99199968
OS 63.1230005 52.99199968
OS 63.1230005 51.4959981
OE
OB 65.94599714 49.49999752 H
OC 66.19999714 49.24599752 66.19999714 49.49999752 N
OS 66.34599888 49.24599752
OS 66.34599888 49.84599886
OS 65.94599714 49.84599886
OS 65.94599714 49.49999752
OE
OB 65.94599714 50.35399886 H
OS 66.34599888 50.35399886
OS 66.34599888 50.9540002
OS 66.19999714 50.9540002
OC 66.05710944 50.90999978 66.19998952 50.70001544 N
OC 65.94599714 50.7000002 66.19999206 50.70000274 N
OS 65.94599714 50.35399886
OE
OB 68.64599936 42.54999872 H
OC 68.89999936 42.29599872 68.89999936 42.54999872 N
OS 69.5460001 42.29599872
OS 69.5460001 43.44599896
OS 68.64599936 43.44599896
OS 68.64599936 42.54999872
OE
OB 68.64599936 43.95399896 H
OS 69.5460001 43.95399896
OS 69.5460001 45.1039992
OS 68.89999936 45.1039992
OC 68.64599936 44.8499992 68.89999936 44.8499992 N
OS 68.64599936 43.95399896
OE
SE
S P 0
OB 63.50800354 28.75799938 I
OS 63.508001 33.59600088
OC 63.5580009 33.64599824 63.55799836 33.59599834 Y
OS 63.6459992 33.64600078
OS 63.6459992 34.20000018
OS 63.8999992 34.20000018
OS 63.8999992 34.45400018
OS 64.69301006 34.45400018
OC 64.7428474 34.4999945 64.74284486 34.44999714 Y
OS 64.99999954 34.49999958
OS 64.99999954 40.45000038
OC 65.04999944 40.49999774 65.0499969 40.44999784 Y
OS 66.94199972 40.50000028
OC 66.99199708 40.45000038 66.94199718 40.45000038 Y
OS 66.99199962 35.61422646
OC 66.99933768 35.52566428 67.55036528 35.6159054 N
OC 66.99999554 35.517582 66.95068652 35.51763534 Y
OS 67.00000062 35.44149122
OC 66.99528638 35.42030254 66.9500566 35.4414836 Y
OC 66.9743136 35.35282236 67.2249862 35.31191058 N
OC 66.87568286 35.35282236 66.92499696 35.36106212 Y
OC 66.62499756 35.56590296 66.6250001 35.31190296 N
OS 66.40399978 35.56590804
OS 66.40399978 34.05790496
OS 66.6250001 34.05790496
OC 66.87565746 34.27083316 66.6250001 34.31190496 N
OC 66.97433646 34.27083062 66.92499696 34.26274834 Y
OC 66.99522542 34.2036273 67.2249989 34.31189988 N
OC 66.99999554 34.1823167 66.94993214 34.18229384 Y
OS 67.00000062 34.10621322
OC 66.99936054 34.09826048 66.95013788 34.10622338 Y
OC 66.99199962 34.00793046 67.55000206 34.00792284 N
OS 66.99199962 33.84090514
OC 66.9965894 33.76943208 67.5502332 33.84086704 N
OC 66.98059502 33.72616064 66.94700098 33.76316844 Y
OC 66.9618803 33.70757292 67.14953042 33.53735482 N
OC 66.8882838 33.70738242 66.92499442 33.7413346 Y
OC 66.70000122 33.79089762 66.70000376 33.53690778 N
OS 66.3290012 33.79090524
OS 66.3290012 31.8329056
OS 66.70000122 31.8329056
OC 66.88813902 31.91626078 66.70000122 32.08690052 N
OC 66.96200222 31.91609568 66.92499442 31.8824737 Y
OC 66.98059248 31.89764512 67.15012732 32.08706054 N
OC 66.99659956 31.85443718 66.9470213 31.86063732 Y
OC 66.99199962 31.7829057 67.55021796 31.78292094 N
OS 66.99199962 31.5909071
OC 66.9965894 31.51943404 67.5502332 31.590869 N
OC 66.98059502 31.4761626 66.94700098 31.5131704 Y
OC 66.9618803 31.45757488 67.14953042 31.28735678 N
OC 66.8882838 31.45738438 66.92499442 31.49133656 Y
OC 66.70000122 31.54089958 66.70000376 31.28690974 N
OS 66.3290012 31.5409072
OS 66.3290012 29.58290756
OS 66.70000122 29.58290756
OC 66.88813902 29.66626274 66.70000122 29.83690248 N
OC 66.96200222 29.66609764 66.92499442 29.63247566 Y
OC 66.98059248 29.64764708 67.15012732 29.8370625 N
OC 66.99659956 29.60443914 66.9470213 29.61063928 Y
OC 66.99199962 29.53290766 67.55021796 29.5329229 N
OS 66.99199962 28.75799938
OC 66.94199972 28.70800202 66.94199972 28.75799938 Y
OS 63.5580009 28.70799948
OC 63.50800354 28.75799938 63.5580009 28.75799684 Y
OE
OB 64.1539992 33.64600078 H
OS 64.30000094 33.64600078
OC 64.69038116 33.94600018 64.30000094 34.04999794 N
OS 64.1539992 33.94600018
OS 64.1539992 33.64600078
OE
OB 65.19600118 29.83690756 H
OC 65.45000118 29.58290756 65.45000118 29.83690756 N
OS 65.8210012 29.58290756
OS 65.8210012 30.30790738
OS 65.19600118 30.30790738
OS 65.19600118 29.83690756
OE
OB 65.19600118 30.81590738 H
OS 65.8210012 30.81590738
OS 65.8210012 31.5409072
OS 65.45000118 31.5409072
OC 65.19600118 31.2869072 65.45000118 31.2869072 N
OS 65.19600118 30.81590738
OE
OB 65.19600118 32.0869056 H
OC 65.45000118 31.8329056 65.45000118 32.0869056 N
OS 65.8210012 31.8329056
OS 65.8210012 32.55790542
OS 65.19600118 32.55790542
OS 65.19600118 32.0869056
OE
OB 65.19600118 33.06590542 H
OS 65.8210012 33.06590542
OS 65.8210012 33.79090524
OS 65.45000118 33.79090524
OC 65.19600118 33.53690524 65.45000118 33.53690524 N
OS 65.19600118 33.06590542
OE
OB 65.42099946 34.31190496 H
OC 65.67499946 34.05790496 65.67499946 34.31190496 N
OS 65.89599978 34.05790496
OS 65.89599978 34.5579065
OS 65.42099946 34.5579065
OS 65.42099946 34.31190496
OE
OB 65.42099946 35.0659065 H
OS 65.89599978 35.0659065
OS 65.89599978 35.56590804
OS 65.67499946 35.56590804
OC 65.42099946 35.31190804 65.67499946 35.31190804 N
OS 65.42099946 35.0659065
OE
OB 78.07107576 49.85800036 I
OS 78.07107322 52.0185015
OC 78.10968122 52.0671806 78.12106804 52.0185015 Y
OC 78.3231098 52.18607292 78.00837332 52.50005248 N
OS 78.72265942 52.58562
OC 78.75774698 52.5999964 78.7577419 52.5499965 Y
OS 80.04999992 52.59999894
OC 80.09999728 52.54999904 80.04999738 52.54999904 Y
OS 80.09999982 48.15000022
OC 80.04999992 48.10000286 80.04999992 48.15000022 Y
OS 78.75800098 48.10000032
OC 78.70800362 48.15000022 78.75800098 48.14999768 Y
OS 78.70800108 49.25000056
OC 78.14999864 49.80799284 78.15000626 49.24999802 N
OS 78.12107312 49.80800046
OC 78.07107576 49.85800036 78.12107312 49.85799782 Y
OE
SE
S P 0
OB 66.75000112 8.3849972 I
OC 66.70000122 8.4349971 66.75000112 8.4349971 Y
OS 66.70000122 15.95000112
OC 66.75000112 16.00000102 66.75000112 15.95000112 Y
OS 74.55000076 16.00000102
OC 74.60000066 15.95000112 74.55000076 15.95000112 Y
OS 74.60000066 12.02070748
OC 74.58562172 11.98561992 74.55000076 12.02070748 Y
OS 73.69712972 11.09712792
OS 73.69313684 10.6757724
OC 73.63716794 10.62660054 73.64313694 10.67624738 Y
OC 73.60399808 10.62895766 73.59909588 10.32538194 N
OS 73.60399808 9.1210384
OC 73.62386342 9.12201122 73.59891554 9.42815234 N
OC 73.67793748 9.07170652 73.62794266 9.0721815 Y
OS 73.6718999 8.43452212
OC 73.62190254 8.3849972 73.62190254 8.4349971 Y
OS 66.75000112 8.3849972
OE
OB 67.47100044 12.74374896 H
OC 68.01875144 12.19599796 68.01875144 12.74374896 N
OS 69.86500124 12.19599796
OS 69.86500124 12.98999942
OS 67.47100044 12.98999942
OS 67.47100044 12.74374896
OE
OB 67.47100044 14.25999942 H
OS 69.86500124 14.25999942
OS 69.86500124 15.05400088
OS 68.01875144 15.05400088
OC 67.47100044 14.50624988 68.01875144 14.50624988 N
OS 67.47100044 14.25999942
OE
OB 71.13500124 12.19599796 H
OS 72.98125104 12.19599796
OC 73.52900204 12.74374896 72.98125104 12.74374896 N
OS 73.52900204 12.98999942
OS 71.13500124 12.98999942
OS 71.13500124 12.19599796
OE
OB 71.13500124 14.25999942 H
OS 73.52900204 14.25999942
OS 73.52900204 14.50624988
OC 72.98125104 15.05400088 72.98125104 14.50624988 N
OS 71.13500124 15.05400088
OS 71.13500124 14.25999942
OE
OB 72.79599868 9.42600096 H
OC 73.09599808 9.12104094 73.10099934 9.42600096 N
OS 73.09599808 9.62100184
OS 72.79599868 9.62100184
OS 72.79599868 9.42600096
OE
OB 72.79599868 10.12900184 H
OS 73.09599808 10.12900184
OS 73.09599808 10.6289602
OC 72.79599868 10.32400272 73.1009968 10.32400526 N
OS 72.79599868 10.12900184
OE
SE
S P 0
OB 66.80000356 3.54999798 I
OS 66.80000102 7.45000034
OC 66.85000092 7.4999977 66.84999838 7.4499978 Y
OS 72.74599878 7.50000024
OC 72.79599614 7.45000034 72.74599624 7.45000034 Y
OS 72.79599868 7.37900226
OS 73.34999808 7.37900226
OS 73.34999808 7.12500226
OS 73.60399808 7.12500226
OS 73.60399808 6.37103882
OC 73.6189663 6.37165096 73.59907556 6.67468058 N
OC 73.67195578 6.32224288 73.62195842 6.3217425 Y
OS 73.67196086 5.94703916
OC 73.67098804 5.93724492 73.6221159 5.94704424 Y
OC 73.67096264 5.68786518 74.28753748 5.81249536 N
OC 73.67195324 5.67796426 73.62267724 5.67803284 Y
OS 73.67196086 5.24641318
OC 73.65127764 5.20591034 73.62197112 5.2464081 Y
OC 73.54931188 5.04091702 73.79997686 5.00000778 N
OC 73.45068368 5.04091702 73.49999778 5.04915424 Y
OC 73.19999838 5.25399762 73.20000092 4.99999762 N
OS 72.9790006 5.2540027
OS 72.9790006 3.74599962
OS 73.20000092 3.74599962
OC 73.45065828 3.95892782 73.20000092 3.99999962 N
OC 73.54933728 3.95892528 73.49999778 3.950843 Y
OC 73.65123954 3.7941123 73.8000048 4.00000216 N
OC 73.67195578 3.75358406 73.62194318 3.75357644 Y
OS 73.67196086 3.55000052
OC 73.62196096 3.50000316 73.62196096 3.55000052 Y
OS 66.85000092 3.50000062
OC 66.80000356 3.54999798 66.84999584 3.5499929 Y
OE
OB 71.99600028 3.99999962 H
OC 72.25000028 3.74599962 72.25000028 3.99999962 N
OS 72.4710006 3.74599962
OS 72.4710006 4.24600116
OS 71.99600028 4.24600116
OS 71.99600028 3.99999962
OE
OB 71.99600028 4.75400116 H
OS 72.4710006 4.75400116
OS 72.4710006 5.2540027
OS 72.25000028 5.2540027
OC 71.99600028 5.0000027 72.25000028 5.0000027 N
OS 71.99600028 4.75400116
OE
OB 72.79599868 6.67600138 H
OC 73.09599808 6.37104136 73.10099934 6.67600138 N
OS 73.09599808 6.87100226
OS 72.79599868 6.87100226
OS 72.79599868 6.67600138
OE
OB 74.61438468 24.9856117 I
OC 74.60000066 25.02070688 74.64998024 25.02069672 Y
OS 74.60000066 31.0420004
OC 74.65000056 31.09199776 74.64999802 31.04199786 Y
OS 78.14999864 31.0920003
OC 78.24032866 31.09935868 78.14998848 31.65022626 N
OC 78.24828902 31.09999368 78.24827378 31.05015634 Y
OS 79.23278032 31.09999622
OC 79.28227476 31.05003442 79.2322774 31.04999886 Y
OS 79.2822773 23.8513493
OC 79.23294796 23.80184978 79.23227994 23.85184206 Y
OS 75.82633806 23.79427042
OC 75.79134194 23.80863666 75.82642188 23.84427794 Y
OS 75.31999668 24.27999716
OS 74.61438468 24.9856117
OE
OB 76.47100022 26.7499973 H
OC 76.72500022 26.4959973 76.72500022 26.7499973 N
OS 77.10700098 26.4959973
OS 77.10700098 27.99199888
OS 76.47100022 27.99199888
OS 76.47100022 26.7499973
OE
OB 76.47100022 29.00799888 H
OS 77.10700098 29.00799888
OS 77.10700098 30.50400046
OS 76.72500022 30.50400046
OC 76.47100022 30.25000046 76.72500022 30.25000046 N
OS 76.47100022 29.00799888
OE
OB 78.12300098 26.4959973 H
OS 78.50500174 26.4959973
OC 78.75900174 26.7499973 78.50500174 26.7499973 N
OS 78.75900174 27.99199888
OS 78.12300098 27.99199888
OS 78.12300098 26.4959973
OE
OB 78.12300098 29.00799888 H
OS 78.75900174 29.00799888
OS 78.75900174 30.25000046
OC 78.50500174 30.50400046 78.50500174 30.25000046 N
OS 78.12300098 30.50400046
OS 78.12300098 29.00799888
OE
SE
S P 0
OB 67.5785161 47.09999978 I
OC 67.5285162 47.14999968 67.5785161 47.14999968 Y
OS 67.5285162 51.85000298
OC 67.5785161 51.90000288 67.5785161 51.85000298 Y
OS 71.50550088 51.90000288
OC 71.55550078 51.85000298 71.50550088 51.85000298 Y
OS 71.55550078 51.75400114
OC 71.50550088 51.70400124 71.50550088 51.75400114 Y
OS 70.5499986 51.70400124
OC 70.2959986 51.45000124 70.5499986 51.45000124 N
OS 70.2959986 51.1080004
OS 73.30399868 51.1080004
OS 73.30399868 51.45000124
OC 73.04999868 51.70400124 73.04999868 51.45000124 N
OS 72.49450068 51.70400124
OC 72.44450078 51.75400114 72.49450068 51.75400114 Y
OS 72.44450078 51.84880156
OC 72.45887718 51.88388658 72.49450068 51.84880156 Y
OS 72.46061454 51.88562394
OC 72.4957021 51.90000288 72.4957021 51.85000298 Y
OS 74.04999922 51.90000288
OC 74.09999912 51.85000298 74.04999922 51.85000298 Y
OS 74.09999912 49.30000046
OS 78.15000118 49.30000046
OC 78.20000108 49.25000056 78.15000118 49.25000056 Y
OS 78.20000108 39.70399984
OC 78.15000118 39.65399994 78.15000118 39.70399984 Y
OS 77.70800054 39.65399994
OS 77.70800054 36.34600046
OS 78.15000118 36.34600046
OC 78.20000108 36.29600056 78.15000118 36.29600056 Y
OS 78.20000108 31.6500002
OC 78.15000118 31.6000003 78.15000118 31.6500002 Y
OS 73.5785168 31.6000003
OC 73.5285169 31.6500002 73.5785168 31.6500002 Y
OS 73.5285169 32.3459983
OC 73.5785168 32.3959982 73.5785168 32.3459983 Y
OS 73.74999982 32.3959982
OC 74.00399982 32.6499982 73.74999982 32.6499982 N
OS 74.00399982 34.34999988
OC 73.74999982 34.60399988 73.74999982 34.34999988 N
OS 73.5785168 34.60399988
OC 73.5285169 34.65399978 73.5785168 34.65399978 Y
OS 73.5285169 45.07148212
OS 71.19999984 47.09999978
OS 67.5785161 47.09999978
OE
OB 67.74599862 49.49999752 H
OC 67.99999862 49.24599752 67.99999862 49.49999752 N
OS 68.14600036 49.24599752
OS 68.14600036 49.84599886
OS 67.74599862 49.84599886
OS 67.74599862 49.49999752
OE
OB 67.74599862 50.35399886 H
OS 68.14600036 50.35399886
OS 68.14600036 50.9540002
OS 67.99999862 50.9540002
OC 67.85711092 50.90999978 67.999991 50.70001544 N
OC 67.74599862 50.7000002 67.99999354 50.70000274 N
OS 67.74599862 50.35399886
OE
OB 68.65400036 49.24599752 H
OS 68.8000021 49.24599752
OC 69.0540021 49.49999752 68.8000021 49.49999752 N
OS 69.0540021 49.84599886
OS 68.65400036 49.84599886
OS 68.65400036 49.24599752
OE
OB 68.65400036 50.35399886 H
OS 69.0540021 50.35399886
OS 69.0540021 50.7000002
OC 68.8000021 50.9540002 68.8000021 50.7000002 N
OS 68.65400036 50.9540002
OS 68.65400036 50.35399886
OE
OB 70.2959986 49.74999956 H
OC 70.5499986 49.49599956 70.5499986 49.74999956 N
OS 71.29199864 49.49599956
OS 71.29199864 50.0920004
OS 70.2959986 50.0920004
OS 70.2959986 49.74999956
OE
OB 72.30799864 49.49599956 H
OS 73.04999868 49.49599956
OC 73.30399868 49.74999956 73.04999868 49.74999956 N
OS 73.30399868 50.0920004
OS 72.30799864 50.0920004
OS 72.30799864 49.49599956
OE
OB 73.7460044 43.44599896 H
OC 74.64600006 42.32429686 74.90000768 43.45000454 N
OS 74.64600006 43.44599896
OS 73.7460044 43.44599896
OE
OB 73.7460044 43.95399896 H
OS 74.64600006 43.95399896
OS 74.64600006 45.07569598
OC 73.7460044 43.95399896 74.9000026 43.94999592 N
OE
OB 74.9960019 32.6499982 H
OC 75.2500019 32.3959982 75.2500019 32.6499982 N
OS 75.99200194 32.3959982
OS 75.99200194 32.99199904
OS 74.9960019 32.99199904
OS 74.9960019 32.6499982
OE
OB 74.9960019 34.00799904 H
OS 75.99200194 34.00799904
OS 75.99200194 34.60399988
OS 75.2500019 34.60399988
OC 74.9960019 34.34999988 75.2500019 34.34999988 N
OS 74.9960019 34.00799904
OE
OB 75.15400006 42.32429686 H
OC 75.31999668 42.3751375 74.89981972 43.4505735 N
OC 76.0539881 43.44599896 74.89999498 43.44999438 N
OS 75.15400006 43.44599896
OS 75.15400006 42.32429686
OE
OB 75.15400006 43.95399896 H
OS 76.05399318 43.95399896
OC 75.31999668 45.02485534 74.90000514 43.950001 N
OC 75.15400006 45.07569852 74.9000915 43.95031596 N
OS 75.15400006 43.95399896
OE
OB 75.7460004 36.60000046 H
OC 76.0000004 36.34600046 76.0000004 36.60000046 N
OS 76.69200054 36.34600046
OS 76.69200054 37.4920002
OS 75.7460004 37.4920002
OS 75.7460004 36.60000046
OE
OB 75.7460004 38.5080002 H
OS 76.69200054 38.5080002
OS 76.69200054 39.65399994
OS 76.0000004 39.65399994
OC 75.7460004 39.39999994 76.0000004 39.39999994 N
OS 75.7460004 38.5080002
OE
OB 77.00800194 32.3959982 H
OS 77.75000198 32.3959982
OC 78.00400198 32.6499982 77.75000198 32.6499982 N
OS 78.00400198 32.99199904
OS 77.00800194 32.99199904
OS 77.00800194 32.3959982
OE
OB 77.00800194 34.00799904 H
OS 78.00400198 34.00799904
OS 78.00400198 34.34999988
OC 77.75000198 34.60399988 77.75000198 34.34999988 N
OS 77.00800194 34.60399988
OS 77.00800194 34.00799904
OE
SE
P 2.50000008 60.50000092 70 P 0 0 ;0=52,1=1
P 2.74999958 9.75000082 70 P 0 0 ;0=52,1=1
P 2.74999958 11.99999886 70 P 0 0 ;0=52,1=1
P 4.75000066 60.50000092 70 P 0 0 ;0=52,1=1
P 5.99999816 18.5000011 70 P 0 0 ;0=52,1=1
P 6.0000007 12.2500009 70 P 0 0 ;0=52,1=1
P 6.7499992 30.25000046 70 P 0 0 ;0=52,1=1
P 6.7499992 31.9999995 70 P 0 0 ;0=52,1=1
P 6.7499992 60.50000092 70 P 0 0 ;0=52,1=1
P 7.25000074 34.25000008 70 P 0 0 ;0=52,1=1
P 7.25000074 37.5000012 70 P 0 0 ;0=52,1=1
P 7.25000074 40.50000028 70 P 0 0 ;0=52,1=1
P 7.25000074 43.49999936 70 P 0 0 ;0=52,1=1
P 7.50000024 16.2249993 70 P 0 0 ;0=52,1=1
P 7.50000024 18.5000011 70 P 0 0 ;0=52,1=1
P 8.75000028 48.00000052 70 P 0 0 ;0=52,1=1
P 8.75000028 49.50000006 70 P 0 0 ;0=52,1=1
P 8.75000028 60.50000092 70 P 0 0 ;0=52,1=1
P 8.99999978 2.25000058 70 P 0 0 ;0=52,1=1
P 8.99999978 16.2249993 70 P 0 0 ;0=52,1=1
P 8.99999978 18.5000011 70 P 0 0 ;0=52,1=1
P 10.49999932 16.2249993 70 P 0 0 ;0=52,1=1
P 10.49999932 18.5000011 70 P 0 0 ;0=52,1=1
P 11.5000024 54.40000042 70 P 0 0 ;0=52,1=1
P 11.99999886 2.25000058 70 P 0 0 ;0=52,1=1
P 11.99999886 4.75000066 70 P 0 0 ;0=52,1=1
P 11.99999886 7.74999974 70 P 0 0 ;0=52,1=1
P 11.99999886 11.49999986 70 P 0 0 ;0=52,1=1
P 11.99999886 18.5000011 70 P 0 0 ;0=52,1=1
P 12.0000014 16.2249993 70 P 0 0 ;0=52,1=1
P 12.4000006 53.30000008 70 P 0 0 ;0=52,1=1
P 13.25000144 54.40000042 70 P 0 0 ;0=52,1=1
P 13.50000094 56.7500008 70 P 0 0 ;0=52,1=1
P 13.50000094 58.49999984 70 P 0 0 ;0=52,1=1
P 13.50000094 60.24999888 70 P 0 0 ;0=52,1=1
P 13.99999994 25.0000008 70 P 0 0 ;0=52,1=1
P 16.90000176 54.40000042 70 P 0 0 ;0=52,1=1
P 16.94999404 2.49998738 70 P 0 0 ;0=52,1=1
P 16.99999902 27.50000088 70 P 0 0 ;0=52,1=1
P 17.19999608 7.80478754 70 P 0 0 ;0=52,1=1
P 17.19999608 12.8047877 70 P 0 0 ;0=52,1=1
P 17.19999608 17.80478786 70 P 0 0 ;0=52,1=1
P 17.19999608 22.80478802 70 P 0 0 ;0=52,1=1
P 17.75000006 53.25000018 70 P 0 0 ;0=52,1=1
P 18.6500008 54.40000042 70 P 0 0 ;0=52,1=1
P 19.2499996 34.25000008 70 P 0 0 ;0=52,1=1
P 19.2499996 37.24999916 70 P 0 0 ;0=52,1=1
P 19.2499996 40.74999978 70 P 0 0 ;0=52,1=1
P 19.2499996 44.0000009 70 P 0 0 ;0=52,1=1
P 21.9499942 2.49998738 70 P 0 0 ;0=52,1=1
P 22.69999524 35.24998792 70 P 0 0 ;0=52,1=1
P 22.77499636 28.74998822 70 P 0 0 ;0=52,1=1
P 22.80000012 36.99999966 70 P 0 0 ;0=52,1=1
P 22.89999992 38.4999992 70 P 0 0 ;0=52,1=1
P 22.94999474 25.49998964 70 P 0 0 ;0=52,1=1
P 22.94999474 30.7499893 70 P 0 0 ;0=52,1=1
P 22.94999474 32.49998834 70 P 0 0 ;0=52,1=1
P 22.99999972 23.50000126 70 P 0 0 ;0=52,1=1
P 22.99999972 43.00000036 70 P 0 0 ;0=52,1=1
P 22.99999972 46.50000098 70 P 0 0 ;0=52,1=1
P 22.99999972 50.5000006 70 P 0 0 ;0=52,1=1
P 24.00000026 52.49999914 70 P 0 0 ;0=52,1=1
P 24.14999996 60.00000192 70 P 0 0 ;0=52,1=1
P 24.19999478 27.24998868 70 P 0 0 ;0=52,1=1
P 24.19999478 35.74998946 70 P 0 0 ;0=52,1=1
P 24.44999428 22.49998802 70 P 0 0 ;0=52,1=1
P 25.2000004 49.30000046 70 P 0 0 ;0=52,1=1
P 25.69999432 33.74998838 70 P 0 0 ;0=52,1=1
P 25.94999636 27.24998614 70 P 0 0 ;0=52,1=1
P 26.1499985 60.00000192 70 P 0 0 ;0=52,1=1
P 26.20000094 52.49999914 70 P 0 0 ;0=52,1=1
P 26.94999436 2.49998738 70 P 0 0 ;0=52,1=1
P 27.70000048 45.20000104 70 P 0 0 ;0=52,1=1
P 28.09999968 21.69999978 70 P 0 0 ;0=52,1=1
P 28.14999958 60.00000192 70 P 0 0 ;0=52,1=1
P 28.19999948 51.50000114 70 P 0 0 ;0=52,1=1
P 28.49999888 47.49999898 70 P 0 0 ;0=52,1=1
P 28.49999888 49.00000106 70 P 0 0 ;0=52,1=1
P 28.49999888 49.99999906 70 P 0 0 ;0=52,1=1
P 29.00000042 43.00000036 70 P 0 0 ;0=52,1=1
P 29.00000042 44.4999999 70 P 0 0 ;0=52,1=1
P 29.12474744 21.69999978 70 P 0 0 ;0=52,1=1
P 29.44999698 35.74998946 70 P 0 0 ;0=52,1=1
P 30.07474808 21.69999978 70 P 0 0 ;0=52,1=1
P 31.09999876 21.69999978 70 P 0 0 ;0=52,1=1
P 31.84999726 25.7999865 70 P 0 0 ;0=52,1=1
P 32.6999981 32.74998784 70 P 0 0 ;0=52,1=1
P 32.90000024 56.75000334 70 P 0 0 ;0=52,1=1
P 32.90000024 58.50000238 70 P 0 0 ;0=52,1=1
P 32.90000024 60.25000142 70 P 0 0 ;0=52,1=1
P 34.17499642 28.09998698 70 P 0 0 ;0=52,1=1
P 34.2250014 47.7749997 70 P 0 0 ;0=52,1=1
P 34.44999206 46.24998624 70 P 0 0 ;0=52,1=1
P 34.4499946 2.49998738 70 P 0 0 ;0=52,1=1
P 34.4499946 22.49998802 70 P 0 0 ;0=52,1=1
P 34.49999958 43.00000036 70 P 0 0 ;0=52,1=1
P 34.59999938 49.99999906 70 P 0 0 ;0=52,1=1
P 35.69999464 33.99998788 70 P 0 0 ;0=52,1=1
P 35.99999912 49.99999906 70 P 0 0 ;0=52,1=1
P 36.19999618 28.24998922 70 P 0 0 ;0=52,1=1
P 36.69999518 26.99998918 70 P 0 0 ;0=52,1=1
P 36.80000006 53.30000008 70 P 0 0 ;0=52,1=1
P 36.94999468 22.49998802 70 P 0 0 ;0=52,1=1
P 37.14363158 32.79488742 70 P 0 0 ;0=52,1=1
P 37.69999572 25.99998864 70 P 0 0 ;0=52,1=1
P 37.69999572 26.99998918 70 P 0 0 ;0=52,1=1
P 39.20000034 44.7999993 70 P 0 0 ;0=52,1=1
P 39.30000268 47.75000102 70 P 0 0 ;0=52,1=1
P 39.44999476 2.49998738 70 P 0 0 ;0=52,1=1
P 39.49354814 31.7516891 70 P 0 0 ;0=52,1=1
P 39.59999954 52.49999914 70 P 0 0 ;0=52,1=1
P 40.44999784 42.99998766 70 P 0 0 ;0=52,1=1
P 40.50000028 50.5000006 70 P 0 0 ;0=52,1=1
P 41.19999634 31.4999878 70 P 0 0 ;0=52,1=1
P 41.19999634 35.99998896 70 P 0 0 ;0=52,1=1
P 41.99999982 50.5000006 70 P 0 0 ;0=52,1=1
P 43.19999488 29.74998876 70 P 0 0 ;0=52,1=1
P 43.19999488 31.2499883 70 P 0 0 ;0=52,1=1
P 43.19999996 52.49999914 70 P 0 0 ;0=52,1=1
P 43.44999692 42.99998766 70 P 0 0 ;0=52,1=1
P 43.6500016 60.00000192 70 P 0 0 ;0=52,1=1
P 44.44999492 2.49998738 70 P 0 0 ;0=52,1=1
P 44.44999492 29.74998876 70 P 0 0 ;0=52,1=1
P 44.44999492 31.2499883 70 P 0 0 ;0=52,1=1
P 44.44999746 37.9999875 70 P 0 0 ;0=52,1=1
P 45.44999546 28.24998922 70 P 0 0 ;0=52,1=1
P 45.65000014 60.00000192 70 P 0 0 ;0=52,1=1
P 46.90000018 52.49999914 70 P 0 0 ;0=52,1=1
P 47.65000122 60.00000192 70 P 0 0 ;0=52,1=1
P 49.44999508 2.49998738 70 P 0 0 ;0=52,1=1
P 50.9999996 50.9999996 70 P 0 0 ;0=52,1=1
P 50.9999996 52.49999914 70 P 0 0 ;0=52,1=1
P 52.19999466 30.24998776 70 P 0 0 ;0=52,1=1
P 52.19999466 36.24998846 70 P 0 0 ;0=52,1=1
P 52.40000188 56.75000334 70 P 0 0 ;0=52,1=1
P 52.40000188 58.50000238 70 P 0 0 ;0=52,1=1
P 52.40000188 60.25000142 70 P 0 0 ;0=52,1=1
P 53.60000202 28.19999948 70 P 0 0 ;0=52,1=1
P 55.94999478 25.99998864 70 P 0 0 ;0=52,1=1
P 56.7000009 35.50000012 70 P 0 0 ;0=52,1=1
P 56.8000007 38.1 70 P 0 0 ;0=52,1=1
P 56.8000007 40.60000008 70 P 0 0 ;0=52,1=1
P 56.9000005 33.19999964 70 P 0 0 ;0=52,1=1
P 57.4999993 31.5000005 70 P 0 0 ;0=52,1=1
P 58.49999984 49.99999906 70 P 0 0 ;0=52,1=1
P 58.9499964 22.74998752 70 P 0 0 ;0=52,1=1
P 59.50000038 2.50000008 70 P 0 0 ;0=52,1=1
P 59.50000038 29.49999942 70 P 0 0 ;0=52,1=1
P 59.50000038 33.29999944 70 P 0 0 ;0=52,1=1
P 59.50000038 34.29999998 70 P 0 0 ;0=52,1=1
P 59.50000038 35.30000052 70 P 0 0 ;0=52,1=1
P 60.1999939 11.74998666 70 P 0 0 ;0=52,1=1
P 60.1999939 14.99998778 70 P 0 0 ;0=52,1=1
P 60.1999939 18.9999874 70 P 0 0 ;0=52,1=1
P 60.2305501 46.5305648 70 P 0 0 ;0=52,1=1
P 60.24998618 44.0500008 70 P 0 0 ;0=52,1=1
P 60.24998618 45.30000084 70 P 0 0 ;0=52,1=1
P 60.24998618 47.80000092 70 P 0 0 ;0=52,1=1
P 61.24998418 43.54999926 70 P 0 0 ;0=52,1=1
P 61.24998672 46.05000188 70 P 0 0 ;0=52,1=1
P 61.24998672 47.30000192 70 P 0 0 ;0=52,1=1
P 61.2694228 44.81943792 70 P 0 0 ;0=52,1=1
P 61.29999932 38.4999992 70 P 0 0 ;0=52,1=1
P 61.49999892 27.50000088 70 P 0 0 ;0=52,1=1
P 62.29999986 40.79999968 70 P 0 0 ;0=52,1=1
P 62.59999926 32.50000104 70 P 0 0 ;0=52,1=1
P 63.1500007 60.00000192 70 P 0 0 ;0=52,1=1
P 63.5 25.4999998 70 P 0 0 ;0=52,1=1
P 64.75000004 59.99999938 70 P 0 0 ;0=52,1=1
P 65.50000108 23.50000126 70 P 0 0 ;0=52,1=1
P 65.50000108 36.50000066 70 P 0 0 ;0=52,1=1
P 65.50000108 38.0000002 70 P 0 0 ;0=52,1=1
P 65.50000108 39.59999954 70 P 0 0 ;0=52,1=1
P 65.80000048 3.99999962 70 P 0 0 ;0=52,1=1
P 65.80000048 7.99999924 70 P 0 0 ;0=52,1=1
P 65.80000048 11.99999886 70 P 0 0 ;0=52,1=1
P 65.80000048 16.00000102 70 P 0 0 ;0=52,1=1
P 65.80000048 20.00000064 70 P 0 0 ;0=52,1=1
P 66.14202926 43.23738622 70 P 0 0 ;0=52,1=1
P 66.24999958 59.99999938 70 P 0 0 ;0=52,1=1
P 66.49999908 37.29999906 70 P 0 0 ;0=52,1=1
P 66.49999908 38.90000094 70 P 0 0 ;0=52,1=1
P 68.00000116 5.00000016 70 P 0 0 ;0=52,1=1
P 68.00000116 6.4999997 70 P 0 0 ;0=52,1=1
P 68.20000076 23.19999932 70 P 0 0 ;0=52,1=1
P 68.20000076 24.900001 70 P 0 0 ;0=52,1=1
P 68.40000036 36.20000126 70 P 0 0 ;0=52,1=1
P 68.50000016 38.0000002 70 P 0 0 ;0=52,1=1
P 68.50000016 39.69999934 70 P 0 0 ;0=52,1=1
P 69.4000009 24.10000006 70 P 0 0 ;0=52,1=1
P 69.5000007 5.00000016 70 P 0 0 ;0=52,1=1
P 69.5000007 6.4999997 70 P 0 0 ;0=52,1=1
P 69.7000003 34.10000038 70 P 0 0 ;0=52,1=1
P 69.8000001 29.29999982 70 P 0 0 ;0=52,1=1
P 69.8000001 31.8999997 70 P 0 0 ;0=52,1=1
P 70.50000124 23.19999932 70 P 0 0 ;0=52,1=1
P 70.50000124 24.900001 70 P 0 0 ;0=52,1=1
P 71.00000024 5.00000016 70 P 0 0 ;0=52,1=1
P 71.00000024 6.4999997 70 P 0 0 ;0=52,1=1
P 71.90000098 56.75000334 70 P 0 0 ;0=52,1=1
P 71.90000098 58.50000238 70 P 0 0 ;0=52,1=1
P 71.90000098 60.25000142 70 P 0 0 ;0=52,1=1
P 72.39999998 40.89999948 70 P 0 0 ;0=52,1=1
P 73.60000012 56.7000009 70 P 0 0 ;0=52,1=1
P 74.28549278 3.22557902 70 P 0 0 ;0=52,1=1
P 74.28749938 5.81250298 70 P 0 0 ;0=52,1=1
P 74.40000106 24.00000026 70 P 0 0 ;0=52,1=1
P 75.09999966 18.5000011 70 P 0 0 ;0=52,1=1
P 75.19999946 25.6999994 70 P 0 0 ;0=52,1=1
P 76.0000004 15.00000048 70 P 0 0 ;0=52,1=1
P 76.0000004 24.39999946 70 P 0 0 ;0=52,1=1
P 76.3999996 18.5000011 70 P 0 0 ;0=52,1=1
P 77.00000094 25.5999996 70 P 0 0 ;0=52,1=1
P 77.59999974 24.39999946 70 P 0 0 ;0=52,1=1
P 77.77500066 5.72500252 70 P 0 0 ;0=52,1=1
P 77.79999934 15.00000048 70 P 0 0 ;0=52,1=1
P 78.1275679 50.6000004 70 P 0 0 ;0=52,1=1
P 78.50000048 25.3000002 70 P 0 0 ;0=52,1=1
P 78.70000008 51.80000054 70 P 0 0 ;0=52,1=1
P 79.19999908 18.5000011 70 P 0 0 ;0=52,1=1
P 79.40000122 49.20000066 70 P 0 0 ;0=52,1=1
P 79.40000122 50.6000004 70 P 0 0 ;0=52,1=1
P 80.59999882 24.19999986 70 P 0 0 ;0=52,1=1
P 81.00000056 2.99999908 70 P 0 0 ;0=52,1=1
P 81.00000056 11.49999986 70 P 0 0 ;0=52,1=1
P 81.79999896 23.29999912 70 P 0 0 ;0=52,1=1
P 82.409157 8.5921596 70 P 0 0 ;0=52,1=1
P 82.89749486 61.2724073 70 P 0 0 ;0=52,1=1
P 82.9999991 1.49999954 70 P 0 0 ;0=52,1=1
P 82.9999991 43.49999936 70 P 0 0 ;0=52,1=1
P 83.0999989 46.09999924 70 P 0 0 ;0=52,1=1
P 83.60000044 65.39999874 70 P 0 0 ;0=52,1=1
P 83.70000024 67.69999922 70 P 0 0 ;0=52,1=1
P 83.80000004 22.99999972 70 P 0 0 ;0=52,1=1
P 83.80000004 70.1999993 70 P 0 0 ;0=52,1=1
P 83.83832102 75.9000006 70 P 0 0 ;0=52,1=1
P 83.87268214 74.40000106 70 P 0 0 ;0=52,1=1
P 83.88843268 78.31156804 70 P 0 0 ;0=52,1=1
P 83.89328662 72.90000152 70 P 0 0 ;0=52,1=1
P 84.19999924 48.69999912 70 P 0 0 ;0=52,1=1
P 84.39999884 26.10000114 70 P 0 0 ;0=52,1=1
P 84.39999884 36.70000026 70 P 0 0 ;0=52,1=1
P 84.39999884 38.4999992 70 P 0 0 ;0=52,1=1
P 84.39999884 39.89999894 70 P 0 0 ;0=52,1=1
P 84.4266663 35.29428806 70 P 0 0 ;0=52,1=1
P 84.60000098 50.09999886 70 P 0 0 ;0=52,1=1
P 84.81831144 16.67631158 70 P 0 0 ;0=52,1=1
P 85.00000018 48.00000052 70 P 0 0 ;0=52,1=1
P 85.59999898 54.30000062 70 P 0 0 ;0=52,1=1
P 86.00000072 8.99999978 70 P 0 0 ;0=52,1=1
P 86.00000072 22.99999972 70 P 0 0 ;0=52,1=1
P 87.20000086 43.39999956 70 P 0 0 ;0=52,1=1
P 87.50000026 10.00000032 70 P 0 0 ;0=52,1=1
P 87.60000006 42.19999942 70 P 0 0 ;0=52,1=1
P 87.60000006 44.5999997 70 P 0 0 ;0=52,1=1
P 87.99999926 50.09999886 70 P 0 0 ;0=52,1=1
P 88.09999906 33.70000118 70 P 0 0 ;0=52,1=1
P 88.5000008 14.49999894 70 P 0 0 ;0=52,1=1
P 88.5000008 15.49999948 70 P 0 0 ;0=52,1=1
P 89.2999992 48.69999912 70 P 0 0 ;0=52,1=1
P 89.2999992 57.3999995 70 P 0 0 ;0=52,1=1
P 89.2999992 58.59999964 70 P 0 0 ;0=52,1=1
P 89.2999992 60.09999918 70 P 0 0 ;0=52,1=1
P 89.2999992 61.19999952 70 P 0 0 ;0=52,1=1
P 89.54449706 14.50210714 70 P 0 0 ;0=52,1=1
P 89.5499987 15.60000182 70 P 0 0 ;0=52,1=1
P 89.60000114 50.2000012 70 P 0 0 ;0=52,1=1
P 89.99877098 11.99350408 70 P 0 0 ;0=52,1=1
P 90.00000034 77.99999894 70 P 0 0 ;0=52,1=1
P 90.0165459 9.5150305 70 P 0 0 ;0=52,1=1
P 90.10000014 62.9000012 70 P 0 0 ;0=52,1=1
P 90.19999994 32.80000044 70 P 0 0 ;0=52,1=1
P 90.49449516 14.49995322 70 P 0 0 ;0=52,1=1
P 90.49999934 1.49999954 70 P 0 0 ;0=52,1=1
P 90.49999934 15.60000182 70 P 0 0 ;0=52,1=1
P 90.69999894 57.4999993 70 P 0 0 ;0=52,1=1
P 90.69999894 59.40000058 70 P 0 0 ;0=52,1=1
P 90.69999894 61.90000066 70 P 0 0 ;0=52,1=1
P 91.00000088 50.2000012 70 P 0 0 ;0=52,1=1
P 91.20000048 44.5999997 70 P 0 0 ;0=52,1=1
P 91.49999988 14.49999894 70 P 0 0 ;0=52,1=1
P 91.49999988 15.49999948 70 P 0 0 ;0=52,1=1
P 91.49999988 69.6000005 70 P 0 0 ;0=52,1=1
P 91.64779994 20.1478007 70 P 0 0 ;0=52,1=1
P 92.50000042 9.49999878 70 P 0 0 ;0=52,1=1
P 92.89999962 63.4000002 70 P 0 0 ;0=52,1=1
P 92.9078406 27.20915564 70 P 0 0 ;0=52,1=1
P 93.19999902 10.59999912 70 P 0 0 ;0=52,1=1
P 93.59779858 20.1478007 70 P 0 0 ;0=52,1=1
P 94.09999976 68.99999916 70 P 0 0 ;0=52,1=1
P 94.09999976 70.60000104 70 P 0 0 ;0=52,1=1
P 94.09999976 72.39999998 70 P 0 0 ;0=52,1=1
P 94.09999976 74.09999912 70 P 0 0 ;0=52,1=1
P 94.39999916 57.3999995 70 P 0 0 ;0=52,1=1
P 94.59999876 43.9000011 70 P 0 0 ;0=52,1=1
P 94.7000011 10.59999912 70 P 0 0 ;0=52,1=1
P 94.9000007 58.79999924 70 P 0 0 ;0=52,1=1
P 94.9000007 60.40000112 70 P 0 0 ;0=52,1=1
P 94.9000007 61.80000086 70 P 0 0 ;0=52,1=1
P 94.9000007 63.3000004 70 P 0 0 ;0=52,1=1
P 95.0000005 8.99999978 70 P 0 0 ;0=52,1=1
P 95.5999993 39.69999934 70 P 0 0 ;0=52,1=1
P 95.78415692 28.51715912 70 P 0 0 ;0=52,1=1
P 96.19779846 20.1478007 70 P 0 0 ;0=52,1=1
P 96.20000064 50.1000014 70 P 0 0 ;0=52,1=1
P 96.20000064 61.70000106 70 P 0 0 ;0=52,1=1
P 96.20915988 10.60915582 70 P 0 0 ;0=52,1=1
P 96.40000024 77.40000014 70 P 0 0 ;0=52,1=1
P 96.74999954 66.75000112 70 P 0 0 ;0=52,1=1
P 96.89999924 15.49999948 70 P 0 0 ;0=52,1=1
P 97.20000118 70.0999995 70 P 0 0 ;0=52,1=1
P 97.20000118 71.39999944 70 P 0 0 ;0=52,1=1
P 97.20000118 72.69999938 70 P 0 0 ;0=52,1=1
P 97.20000118 73.89999952 70 P 0 0 ;0=52,1=1
P 97.40000078 56.6000011 70 P 0 0 ;0=52,1=1
P 97.50000058 1.49999954 70 P 0 0 ;0=52,1=1
P 97.99084288 10.33283938 70 P 0 0 ;0=52,1=1
P 98.9929567 8.4929599 70 P 0 0 ;0=52,1=1
P 99.90000086 13.40000114 70 P 0 0 ;0=52,1=1
P 100.49999966 2.99999908 70 P 0 0 ;0=52,1=1
P 100.49999966 10.00000032 70 P 0 0 ;0=52,1=1
P 103.09999954 26.99999934 70 P 0 0 ;0=52,1=1
P 103.75000078 41.24999878 70 P 0 0 ;0=52,1=1
P 104.24999978 39.99999874 70 P 0 0 ;0=52,1=1
P 104.90000102 22.70000032 70 P 0 0 ;0=52,1=1
P 105.49999982 42.24999932 70 P 0 0 ;0=52,1=1
